participant_id,source_file,survey_term,source_row,hotdog_is_sandwich
fall-2022-0001,DS-4002-fa22-survey-results.xlsx,Fall 2022,1,Yes
fall-2022-0002,DS-4002-fa22-survey-results.xlsx,Fall 2022,2,No
fall-2022-0003,DS-4002-fa22-survey-results.xlsx,Fall 2022,3,No
fall-2022-0004,DS-4002-fa22-survey-results.xlsx,Fall 2022,4,No
fall-2022-0005,DS-4002-fa22-survey-results.xlsx,Fall 2022,5,No
fall-2022-0006,DS-4002-fa22-survey-results.xlsx,Fall 2022,6,Yes
fall-2022-0007,DS-4002-fa22-survey-results.xlsx,Fall 2022,7,Yes
fall-2022-0008,DS-4002-fa22-survey-results.xlsx,Fall 2022,8,No
fall-2022-0009,DS-4002-fa22-survey-results.xlsx,Fall 2022,9,No
fall-2022-0010,DS-4002-fa22-survey-results.xlsx,Fall 2022,10,No
fall-2022-0011,DS-4002-fa22-survey-results.xlsx,Fall 2022,11,No
fall-2022-0012,DS-4002-fa22-survey-results.xlsx,Fall 2022,12,No
fall-2022-0013,DS-4002-fa22-survey-results.xlsx,Fall 2022,13,No
fall-2022-0014,DS-4002-fa22-survey-results.xlsx,Fall 2022,14,No
fall-2022-0015,DS-4002-fa22-survey-results.xlsx,Fall 2022,15,No
fall-2022-0016,DS-4002-fa22-survey-results.xlsx,Fall 2022,16,No
fall-2022-0017,DS-4002-fa22-survey-results.xlsx,Fall 2022,17,No
fall-2022-0018,DS-4002-fa22-survey-results.xlsx,Fall 2022,18,No
fall-2022-0019,DS-4002-fa22-survey-results.xlsx,Fall 2022,19,No
fall-2022-0020,DS-4002-fa22-survey-results.xlsx,Fall 2022,20,No
fall-2022-0021,DS-4002-fa22-survey-results.xlsx,Fall 2022,21,No
fall-2022-0022,DS-4002-fa22-survey-results.xlsx,Fall 2022,22,Yes
fall-2022-0023,DS-4002-fa22-survey-results.xlsx,Fall 2022,23,No
fall-2022-0024,DS-4002-fa22-survey-results.xlsx,Fall 2022,24,No
fall-2022-0025,DS-4002-fa22-survey-results.xlsx,Fall 2022,25,No
fall-2022-0026,DS-4002-fa22-survey-results.xlsx,Fall 2022,26,No
fall-2022-0027,DS-4002-fa22-survey-results.xlsx,Fall 2022,27,Yes
fall-2022-0028,DS-4002-fa22-survey-results.xlsx,Fall 2022,28,No
fall-2022-0029,DS-4002-fa22-survey-results.xlsx,Fall 2022,29,Yes
fall-2022-0030,DS-4002-fa22-survey-results.xlsx,Fall 2022,30,No
fall-2022-0031,DS-4002-fa22-survey-results.xlsx,Fall 2022,31,No
fall-2022-0032,DS-4002-fa22-survey-results.xlsx,Fall 2022,32,No
fall-2022-0033,DS-4002-fa22-survey-results.xlsx,Fall 2022,33,Yes
fall-2022-0034,DS-4002-fa22-survey-results.xlsx,Fall 2022,34,No
fall-2022-0035,DS-4002-fa22-survey-results.xlsx,Fall 2022,35,No
fall-2022-0036,DS-4002-fa22-survey-results.xlsx,Fall 2022,36,No
fall-2022-0037,DS-4002-fa22-survey-results.xlsx,Fall 2022,37,Yes
fall-2022-0038,DS-4002-fa22-survey-results.xlsx,Fall 2022,38,Yes
fall-2022-0039,DS-4002-fa22-survey-results.xlsx,Fall 2022,39,No
fall-2022-0040,DS-4002-fa22-survey-results.xlsx,Fall 2022,40,Yes
fall-2022-0041,DS-4002-fa22-survey-results.xlsx,Fall 2022,41,No
fall-2022-0042,DS-4002-fa22-survey-results.xlsx,Fall 2022,42,No
fall-2022-0043,DS-4002-fa22-survey-results.xlsx,Fall 2022,43,Yes
fall-2022-0044,DS-4002-fa22-survey-results.xlsx,Fall 2022,44,Yes
fall-2022-0045,DS-4002-fa22-survey-results.xlsx,Fall 2022,45,Yes
fall-2022-0046,DS-4002-fa22-survey-results.xlsx,Fall 2022,46,No
fall-2022-0047,DS-4002-fa22-survey-results.xlsx,Fall 2022,47,No
fall-2022-0048,DS-4002-fa22-survey-results.xlsx,Fall 2022,48,No
fall-2022-0049,DS-4002-fa22-survey-results.xlsx,Fall 2022,49,Yes
fall-2022-0050,DS-4002-fa22-survey-results.xlsx,Fall 2022,50,No
fall-2022-0051,DS-4002-fa22-survey-results.xlsx,Fall 2022,51,Yes
fall-2022-0052,DS-4002-fa22-survey-results.xlsx,Fall 2022,52,Yes
fall-2022-0053,DS-4002-fa22-survey-results.xlsx,Fall 2022,53,No
fall-2022-0054,DS-4002-fa22-survey-results.xlsx,Fall 2022,54,Yes
fall-2022-0055,DS-4002-fa22-survey-results.xlsx,Fall 2022,55,No
fall-2022-0056,DS-4002-fa22-survey-results.xlsx,Fall 2022,56,No
fall-2022-0057,DS-4002-fa22-survey-results.xlsx,Fall 2022,57,Yes
fall-2022-0058,DS-4002-fa22-survey-results.xlsx,Fall 2022,58,No
fall-2022-0059,DS-4002-fa22-survey-results.xlsx,Fall 2022,59,No
fall-2022-0060,DS-4002-fa22-survey-results.xlsx,Fall 2022,60,No
fall-2022-0061,DS-4002-fa22-survey-results.xlsx,Fall 2022,61,No
fall-2022-0062,DS-4002-fa22-survey-results.xlsx,Fall 2022,62,No
fall-2022-0063,DS-4002-fa22-survey-results.xlsx,Fall 2022,63,No
fall-2022-0064,DS-4002-fa22-survey-results.xlsx,Fall 2022,64,No
fall-2022-0065,DS-4002-fa22-survey-results.xlsx,Fall 2022,65,Yes
fall-2022-0066,DS-4002-fa22-survey-results.xlsx,Fall 2022,66,Yes
fall-2022-0067,DS-4002-fa22-survey-results.xlsx,Fall 2022,67,Yes
fall-2022-0068,DS-4002-fa22-survey-results.xlsx,Fall 2022,68,Yes
fall-2022-0069,DS-4002-fa22-survey-results.xlsx,Fall 2022,69,No
fall-2022-0070,DS-4002-fa22-survey-results.xlsx,Fall 2022,70,No
fall-2022-0071,DS-4002-fa22-survey-results.xlsx,Fall 2022,71,Yes
fall-2022-0072,DS-4002-fa22-survey-results.xlsx,Fall 2022,72,No
fall-2022-0073,DS-4002-fa22-survey-results.xlsx,Fall 2022,73,No
fall-2022-0074,DS-4002-fa22-survey-results.xlsx,Fall 2022,74,Yes
fall-2022-0075,DS-4002-fa22-survey-results.xlsx,Fall 2022,75,Yes
fall-2022-0076,DS-4002-fa22-survey-results.xlsx,Fall 2022,76,No
fall-2022-0077,DS-4002-fa22-survey-results.xlsx,Fall 2022,77,Yes
fall-2022-0078,DS-4002-fa22-survey-results.xlsx,Fall 2022,78,No
fall-2022-0079,DS-4002-fa22-survey-results.xlsx,Fall 2022,79,Yes
fall-2022-0080,DS-4002-fa22-survey-results.xlsx,Fall 2022,80,Yes
fall-2022-0081,DS-4002-fa22-survey-results.xlsx,Fall 2022,81,Yes
fall-2022-0082,DS-4002-fa22-survey-results.xlsx,Fall 2022,82,Yes
fall-2022-0083,DS-4002-fa22-survey-results.xlsx,Fall 2022,83,Yes
fall-2022-0084,DS-4002-fa22-survey-results.xlsx,Fall 2022,84,Yes
fall-2022-0085,DS-4002-fa22-survey-results.xlsx,Fall 2022,85,No
fall-2022-0086,DS-4002-fa22-survey-results.xlsx,Fall 2022,86,No
fall-2022-0087,DS-4002-fa22-survey-results.xlsx,Fall 2022,87,No
fall-2022-0088,DS-4002-fa22-survey-results.xlsx,Fall 2022,88,No
fall-2022-0089,DS-4002-fa22-survey-results.xlsx,Fall 2022,89,Yes
fall-2022-0090,DS-4002-fa22-survey-results.xlsx,Fall 2022,90,Yes
fall-2022-0091,DS-4002-fa22-survey-results.xlsx,Fall 2022,91,No
fall-2022-0092,DS-4002-fa22-survey-results.xlsx,Fall 2022,92,Yes
fall-2022-0093,DS-4002-fa22-survey-results.xlsx,Fall 2022,93,No
fall-2022-0094,DS-4002-fa22-survey-results.xlsx,Fall 2022,94,No
fall-2022-0095,DS-4002-fa22-survey-results.xlsx,Fall 2022,95,No
fall-2022-0096,DS-4002-fa22-survey-results.xlsx,Fall 2022,96,Yes
fall-2022-0097,DS-4002-fa22-survey-results.xlsx,Fall 2022,97,No
fall-2022-0098,DS-4002-fa22-survey-results.xlsx,Fall 2022,98,No
fall-2022-0099,DS-4002-fa22-survey-results.xlsx,Fall 2022,99,No
fall-2022-0100,DS-4002-fa22-survey-results.xlsx,Fall 2022,100,No
fall-2022-0101,DS-4002-fa22-survey-results.xlsx,Fall 2022,101,No
fall-2022-0102,DS-4002-fa22-survey-results.xlsx,Fall 2022,102,No
fall-2022-0103,DS-4002-fa22-survey-results.xlsx,Fall 2022,103,No
fall-2022-0104,DS-4002-fa22-survey-results.xlsx,Fall 2022,104,No
fall-2022-0105,DS-4002-fa22-survey-results.xlsx,Fall 2022,105,Yes
fall-2022-0106,DS-4002-fa22-survey-results.xlsx,Fall 2022,106,No
fall-2022-0107,DS-4002-fa22-survey-results.xlsx,Fall 2022,107,Yes
fall-2022-0108,DS-4002-fa22-survey-results.xlsx,Fall 2022,108,Yes
fall-2022-0109,DS-4002-fa22-survey-results.xlsx,Fall 2022,109,Yes
fall-2022-0110,DS-4002-fa22-survey-results.xlsx,Fall 2022,110,No
fall-2022-0111,DS-4002-fa22-survey-results.xlsx,Fall 2022,111,Yes
fall-2022-0112,DS-4002-fa22-survey-results.xlsx,Fall 2022,112,No
fall-2022-0113,DS-4002-fa22-survey-results.xlsx,Fall 2022,113,No
fall-2022-0114,DS-4002-fa22-survey-results.xlsx,Fall 2022,114,No
fall-2022-0115,DS-4002-fa22-survey-results.xlsx,Fall 2022,115,No
fall-2022-0116,DS-4002-fa22-survey-results.xlsx,Fall 2022,116,No
fall-2022-0117,DS-4002-fa22-survey-results.xlsx,Fall 2022,117,No
fall-2022-0118,DS-4002-fa22-survey-results.xlsx,Fall 2022,118,No
fall-2022-0119,DS-4002-fa22-survey-results.xlsx,Fall 2022,119,No
fall-2022-0120,DS-4002-fa22-survey-results.xlsx,Fall 2022,120,No
fall-2022-0121,DS-4002-fa22-survey-results.xlsx,Fall 2022,121,Yes
fall-2022-0122,DS-4002-fa22-survey-results.xlsx,Fall 2022,122,Yes
fall-2022-0123,DS-4002-fa22-survey-results.xlsx,Fall 2022,123,Yes
fall-2022-0124,DS-4002-fa22-survey-results.xlsx,Fall 2022,124,No
fall-2022-0125,DS-4002-fa22-survey-results.xlsx,Fall 2022,125,Yes
fall-2022-0126,DS-4002-fa22-survey-results.xlsx,Fall 2022,126,No
fall-2022-0127,DS-4002-fa22-survey-results.xlsx,Fall 2022,127,Yes
fall-2022-0128,DS-4002-fa22-survey-results.xlsx,Fall 2022,128,No
fall-2022-0129,DS-4002-fa22-survey-results.xlsx,Fall 2022,129,Yes
fall-2022-0130,DS-4002-fa22-survey-results.xlsx,Fall 2022,130,No
fall-2022-0131,DS-4002-fa22-survey-results.xlsx,Fall 2022,131,No
fall-2022-0132,DS-4002-fa22-survey-results.xlsx,Fall 2022,132,No
fall-2022-0133,DS-4002-fa22-survey-results.xlsx,Fall 2022,133,No
fall-2022-0134,DS-4002-fa22-survey-results.xlsx,Fall 2022,134,No
fall-2022-0135,DS-4002-fa22-survey-results.xlsx,Fall 2022,135,Yes
fall-2022-0136,DS-4002-fa22-survey-results.xlsx,Fall 2022,136,Yes
fall-2022-0137,DS-4002-fa22-survey-results.xlsx,Fall 2022,137,Yes
fall-2022-0138,DS-4002-fa22-survey-results.xlsx,Fall 2022,138,No
fall-2022-0139,DS-4002-fa22-survey-results.xlsx,Fall 2022,139,No
fall-2022-0140,DS-4002-fa22-survey-results.xlsx,Fall 2022,140,No
fall-2022-0141,DS-4002-fa22-survey-results.xlsx,Fall 2022,141,No
fall-2022-0142,DS-4002-fa22-survey-results.xlsx,Fall 2022,142,No
fall-2022-0143,DS-4002-fa22-survey-results.xlsx,Fall 2022,143,Yes
fall-2022-0144,DS-4002-fa22-survey-results.xlsx,Fall 2022,144,No
fall-2022-0145,DS-4002-fa22-survey-results.xlsx,Fall 2022,145,No
fall-2022-0146,DS-4002-fa22-survey-results.xlsx,Fall 2022,146,No
fall-2022-0147,DS-4002-fa22-survey-results.xlsx,Fall 2022,147,Yes
fall-2022-0148,DS-4002-fa22-survey-results.xlsx,Fall 2022,148,No
fall-2022-0149,DS-4002-fa22-survey-results.xlsx,Fall 2022,149,No
fall-2022-0150,DS-4002-fa22-survey-results.xlsx,Fall 2022,150,No
fall-2022-0151,DS-4002-fa22-survey-results.xlsx,Fall 2022,151,No
fall-2022-0152,DS-4002-fa22-survey-results.xlsx,Fall 2022,152,Yes
fall-2022-0153,DS-4002-fa22-survey-results.xlsx,Fall 2022,153,No
fall-2022-0154,DS-4002-fa22-survey-results.xlsx,Fall 2022,154,Yes
fall-2022-0155,DS-4002-fa22-survey-results.xlsx,Fall 2022,155,No
fall-2022-0156,DS-4002-fa22-survey-results.xlsx,Fall 2022,156,No
fall-2022-0157,DS-4002-fa22-survey-results.xlsx,Fall 2022,157,No
fall-2022-0158,DS-4002-fa22-survey-results.xlsx,Fall 2022,158,No
fall-2022-0159,DS-4002-fa22-survey-results.xlsx,Fall 2022,159,No
fall-2022-0160,DS-4002-fa22-survey-results.xlsx,Fall 2022,160,Yes
fall-2022-0161,DS-4002-fa22-survey-results.xlsx,Fall 2022,161,No
fall-2022-0162,DS-4002-fa22-survey-results.xlsx,Fall 2022,162,Yes
fall-2022-0163,DS-4002-fa22-survey-results.xlsx,Fall 2022,163,No
fall-2022-0164,DS-4002-fa22-survey-results.xlsx,Fall 2022,164,No
fall-2022-0165,DS-4002-fa22-survey-results.xlsx,Fall 2022,165,Yes
fall-2022-0166,DS-4002-fa22-survey-results.xlsx,Fall 2022,166,No
fall-2022-0167,DS-4002-fa22-survey-results.xlsx,Fall 2022,167,Yes
fall-2022-0168,DS-4002-fa22-survey-results.xlsx,Fall 2022,168,No
fall-2022-0169,DS-4002-fa22-survey-results.xlsx,Fall 2022,169,Yes
fall-2022-0170,DS-4002-fa22-survey-results.xlsx,Fall 2022,170,No
fall-2022-0171,DS-4002-fa22-survey-results.xlsx,Fall 2022,171,No
fall-2022-0172,DS-4002-fa22-survey-results.xlsx,Fall 2022,172,Yes
fall-2022-0173,DS-4002-fa22-survey-results.xlsx,Fall 2022,173,Yes
fall-2022-0174,DS-4002-fa22-survey-results.xlsx,Fall 2022,174,No
fall-2022-0175,DS-4002-fa22-survey-results.xlsx,Fall 2022,175,No
fall-2022-0176,DS-4002-fa22-survey-results.xlsx,Fall 2022,176,Yes
fall-2022-0177,DS-4002-fa22-survey-results.xlsx,Fall 2022,177,Yes
fall-2022-0178,DS-4002-fa22-survey-results.xlsx,Fall 2022,178,No
fall-2022-0179,DS-4002-fa22-survey-results.xlsx,Fall 2022,179,Yes
fall-2022-0180,DS-4002-fa22-survey-results.xlsx,Fall 2022,180,No
fall-2022-0181,DS-4002-fa22-survey-results.xlsx,Fall 2022,181,Yes
fall-2022-0182,DS-4002-fa22-survey-results.xlsx,Fall 2022,182,No
fall-2022-0183,DS-4002-fa22-survey-results.xlsx,Fall 2022,183,No
fall-2022-0184,DS-4002-fa22-survey-results.xlsx,Fall 2022,184,No
fall-2022-0185,DS-4002-fa22-survey-results.xlsx,Fall 2022,185,No
fall-2022-0186,DS-4002-fa22-survey-results.xlsx,Fall 2022,186,No
fall-2022-0187,DS-4002-fa22-survey-results.xlsx,Fall 2022,187,No
fall-2022-0188,DS-4002-fa22-survey-results.xlsx,Fall 2022,188,No
fall-2022-0189,DS-4002-fa22-survey-results.xlsx,Fall 2022,189,No
fall-2022-0190,DS-4002-fa22-survey-results.xlsx,Fall 2022,190,No
fall-2022-0191,DS-4002-fa22-survey-results.xlsx,Fall 2022,191,No
fall-2022-0192,DS-4002-fa22-survey-results.xlsx,Fall 2022,192,No
fall-2022-0193,DS-4002-fa22-survey-results.xlsx,Fall 2022,193,Yes
fall-2022-0194,DS-4002-fa22-survey-results.xlsx,Fall 2022,194,Yes
spring-2023-0001,DS-4002-sp23-survey-results.csv,Spring 2023,1,No
spring-2023-0002,DS-4002-sp23-survey-results.csv,Spring 2023,2,No
spring-2023-0003,DS-4002-sp23-survey-results.csv,Spring 2023,3,No
spring-2023-0004,DS-4002-sp23-survey-results.csv,Spring 2023,4,No
spring-2023-0005,DS-4002-sp23-survey-results.csv,Spring 2023,5,No
spring-2023-0006,DS-4002-sp23-survey-results.csv,Spring 2023,6,No
spring-2023-0007,DS-4002-sp23-survey-results.csv,Spring 2023,7,Yes
spring-2023-0008,DS-4002-sp23-survey-results.csv,Spring 2023,8,Yes
spring-2023-0009,DS-4002-sp23-survey-results.csv,Spring 2023,9,No
spring-2023-0010,DS-4002-sp23-survey-results.csv,Spring 2023,10,No
spring-2023-0011,DS-4002-sp23-survey-results.csv,Spring 2023,11,No
spring-2023-0012,DS-4002-sp23-survey-results.csv,Spring 2023,12,No
spring-2023-0013,DS-4002-sp23-survey-results.csv,Spring 2023,13,No
spring-2023-0014,DS-4002-sp23-survey-results.csv,Spring 2023,14,Yes
spring-2023-0015,DS-4002-sp23-survey-results.csv,Spring 2023,15,No
spring-2023-0016,DS-4002-sp23-survey-results.csv,Spring 2023,16,No
spring-2023-0017,DS-4002-sp23-survey-results.csv,Spring 2023,17,No
spring-2023-0018,DS-4002-sp23-survey-results.csv,Spring 2023,18,No
spring-2023-0019,DS-4002-sp23-survey-results.csv,Spring 2023,19,Yes
spring-2023-0020,DS-4002-sp23-survey-results.csv,Spring 2023,20,No
spring-2023-0021,DS-4002-sp23-survey-results.csv,Spring 2023,21,No
spring-2023-0022,DS-4002-sp23-survey-results.csv,Spring 2023,22,No
spring-2023-0023,DS-4002-sp23-survey-results.csv,Spring 2023,23,No
spring-2023-0024,DS-4002-sp23-survey-results.csv,Spring 2023,24,No
spring-2023-0025,DS-4002-sp23-survey-results.csv,Spring 2023,25,No
spring-2023-0026,DS-4002-sp23-survey-results.csv,Spring 2023,26,Yes
spring-2023-0027,DS-4002-sp23-survey-results.csv,Spring 2023,27,Yes
spring-2023-0028,DS-4002-sp23-survey-results.csv,Spring 2023,28,Yes
spring-2023-0029,DS-4002-sp23-survey-results.csv,Spring 2023,29,No
spring-2023-0030,DS-4002-sp23-survey-results.csv,Spring 2023,30,Yes
spring-2023-0031,DS-4002-sp23-survey-results.csv,Spring 2023,31,No
spring-2023-0032,DS-4002-sp23-survey-results.csv,Spring 2023,32,Yes
spring-2023-0033,DS-4002-sp23-survey-results.csv,Spring 2023,33,Yes
spring-2023-0034,DS-4002-sp23-survey-results.csv,Spring 2023,34,No
spring-2023-0035,DS-4002-sp23-survey-results.csv,Spring 2023,35,No
spring-2023-0036,DS-4002-sp23-survey-results.csv,Spring 2023,36,Yes
spring-2023-0037,DS-4002-sp23-survey-results.csv,Spring 2023,37,No
spring-2023-0038,DS-4002-sp23-survey-results.csv,Spring 2023,38,Yes
spring-2023-0039,DS-4002-sp23-survey-results.csv,Spring 2023,39,Yes
spring-2023-0040,DS-4002-sp23-survey-results.csv,Spring 2023,40,No
spring-2023-0041,DS-4002-sp23-survey-results.csv,Spring 2023,41,No
spring-2023-0042,DS-4002-sp23-survey-results.csv,Spring 2023,42,No
spring-2023-0043,DS-4002-sp23-survey-results.csv,Spring 2023,43,No
spring-2023-0044,DS-4002-sp23-survey-results.csv,Spring 2023,44,Yes
spring-2023-0045,DS-4002-sp23-survey-results.csv,Spring 2023,45,Yes
spring-2023-0046,DS-4002-sp23-survey-results.csv,Spring 2023,46,Yes
spring-2023-0047,DS-4002-sp23-survey-results.csv,Spring 2023,47,No
spring-2023-0048,DS-4002-sp23-survey-results.csv,Spring 2023,48,Yes
spring-2023-0049,DS-4002-sp23-survey-results.csv,Spring 2023,49,Yes
spring-2023-0050,DS-4002-sp23-survey-results.csv,Spring 2023,50,No
spring-2023-0051,DS-4002-sp23-survey-results.csv,Spring 2023,51,No
spring-2023-0052,DS-4002-sp23-survey-results.csv,Spring 2023,52,No
spring-2023-0053,DS-4002-sp23-survey-results.csv,Spring 2023,53,No
spring-2023-0054,DS-4002-sp23-survey-results.csv,Spring 2023,54,Yes
spring-2023-0055,DS-4002-sp23-survey-results.csv,Spring 2023,55,Yes
spring-2023-0056,DS-4002-sp23-survey-results.csv,Spring 2023,56,Yes
spring-2023-0057,DS-4002-sp23-survey-results.csv,Spring 2023,57,No
spring-2023-0058,DS-4002-sp23-survey-results.csv,Spring 2023,58,No
spring-2023-0059,DS-4002-sp23-survey-results.csv,Spring 2023,59,Yes
spring-2023-0060,DS-4002-sp23-survey-results.csv,Spring 2023,60,Yes
spring-2023-0061,DS-4002-sp23-survey-results.csv,Spring 2023,61,No
spring-2023-0062,DS-4002-sp23-survey-results.csv,Spring 2023,62,Yes
spring-2023-0063,DS-4002-sp23-survey-results.csv,Spring 2023,63,Yes
spring-2023-0064,DS-4002-sp23-survey-results.csv,Spring 2023,64,Yes
spring-2023-0065,DS-4002-sp23-survey-results.csv,Spring 2023,65,No
spring-2023-0066,DS-4002-sp23-survey-results.csv,Spring 2023,66,No
spring-2023-0067,DS-4002-sp23-survey-results.csv,Spring 2023,67,No
spring-2023-0068,DS-4002-sp23-survey-results.csv,Spring 2023,68,Yes
spring-2023-0069,DS-4002-sp23-survey-results.csv,Spring 2023,69,Yes
spring-2023-0070,DS-4002-sp23-survey-results.csv,Spring 2023,70,No
spring-2023-0071,DS-4002-sp23-survey-results.csv,Spring 2023,71,No
spring-2023-0072,DS-4002-sp23-survey-results.csv,Spring 2023,72,No
spring-2023-0073,DS-4002-sp23-survey-results.csv,Spring 2023,73,Yes
spring-2023-0074,DS-4002-sp23-survey-results.csv,Spring 2023,74,No
spring-2023-0075,DS-4002-sp23-survey-results.csv,Spring 2023,75,No
spring-2023-0076,DS-4002-sp23-survey-results.csv,Spring 2023,76,No
spring-2023-0077,DS-4002-sp23-survey-results.csv,Spring 2023,77,No
spring-2023-0078,DS-4002-sp23-survey-results.csv,Spring 2023,78,No
spring-2023-0079,DS-4002-sp23-survey-results.csv,Spring 2023,79,No
spring-2023-0080,DS-4002-sp23-survey-results.csv,Spring 2023,80,No
spring-2023-0081,DS-4002-sp23-survey-results.csv,Spring 2023,81,No
spring-2023-0082,DS-4002-sp23-survey-results.csv,Spring 2023,82,No
spring-2023-0083,DS-4002-sp23-survey-results.csv,Spring 2023,83,No
spring-2023-0084,DS-4002-sp23-survey-results.csv,Spring 2023,84,Yes
spring-2023-0085,DS-4002-sp23-survey-results.csv,Spring 2023,85,No
spring-2023-0086,DS-4002-sp23-survey-results.csv,Spring 2023,86,Yes
spring-2023-0087,DS-4002-sp23-survey-results.csv,Spring 2023,87,Yes
spring-2023-0088,DS-4002-sp23-survey-results.csv,Spring 2023,88,No
spring-2023-0089,DS-4002-sp23-survey-results.csv,Spring 2023,89,No
spring-2023-0090,DS-4002-sp23-survey-results.csv,Spring 2023,90,No
spring-2023-0091,DS-4002-sp23-survey-results.csv,Spring 2023,91,No
spring-2023-0092,DS-4002-sp23-survey-results.csv,Spring 2023,92,No
spring-2023-0093,DS-4002-sp23-survey-results.csv,Spring 2023,93,No
spring-2023-0094,DS-4002-sp23-survey-results.csv,Spring 2023,94,Yes
spring-2023-0095,DS-4002-sp23-survey-results.csv,Spring 2023,95,No
spring-2023-0096,DS-4002-sp23-survey-results.csv,Spring 2023,96,No
spring-2023-0097,DS-4002-sp23-survey-results.csv,Spring 2023,97,No
spring-2023-0098,DS-4002-sp23-survey-results.csv,Spring 2023,98,No
spring-2023-0099,DS-4002-sp23-survey-results.csv,Spring 2023,99,No
spring-2023-0100,DS-4002-sp23-survey-results.csv,Spring 2023,100,No
spring-2023-0101,DS-4002-sp23-survey-results.csv,Spring 2023,101,No
spring-2023-0102,DS-4002-sp23-survey-results.csv,Spring 2023,102,No
spring-2023-0103,DS-4002-sp23-survey-results.csv,Spring 2023,103,No
spring-2023-0104,DS-4002-sp23-survey-results.csv,Spring 2023,104,Yes
spring-2023-0105,DS-4002-sp23-survey-results.csv,Spring 2023,105,No
spring-2023-0106,DS-4002-sp23-survey-results.csv,Spring 2023,106,No
spring-2023-0107,DS-4002-sp23-survey-results.csv,Spring 2023,107,No
spring-2023-0108,DS-4002-sp23-survey-results.csv,Spring 2023,108,No
spring-2023-0109,DS-4002-sp23-survey-results.csv,Spring 2023,109,No
spring-2023-0110,DS-4002-sp23-survey-results.csv,Spring 2023,110,No
spring-2023-0111,DS-4002-sp23-survey-results.csv,Spring 2023,111,No
spring-2023-0112,DS-4002-sp23-survey-results.csv,Spring 2023,112,Yes
spring-2023-0113,DS-4002-sp23-survey-results.csv,Spring 2023,113,No
spring-2023-0114,DS-4002-sp23-survey-results.csv,Spring 2023,114,No
spring-2023-0115,DS-4002-sp23-survey-results.csv,Spring 2023,115,No
spring-2023-0116,DS-4002-sp23-survey-results.csv,Spring 2023,116,Yes
spring-2023-0117,DS-4002-sp23-survey-results.csv,Spring 2023,117,No
spring-2023-0118,DS-4002-sp23-survey-results.csv,Spring 2023,118,No
spring-2023-0119,DS-4002-sp23-survey-results.csv,Spring 2023,119,Yes
spring-2023-0120,DS-4002-sp23-survey-results.csv,Spring 2023,120,No
spring-2023-0121,DS-4002-sp23-survey-results.csv,Spring 2023,121,No
spring-2023-0122,DS-4002-sp23-survey-results.csv,Spring 2023,122,Yes
spring-2023-0123,DS-4002-sp23-survey-results.csv,Spring 2023,123,No
spring-2023-0124,DS-4002-sp23-survey-results.csv,Spring 2023,124,No
spring-2023-0125,DS-4002-sp23-survey-results.csv,Spring 2023,125,No
spring-2023-0126,DS-4002-sp23-survey-results.csv,Spring 2023,126,No
spring-2023-0127,DS-4002-sp23-survey-results.csv,Spring 2023,127,No
spring-2023-0128,DS-4002-sp23-survey-results.csv,Spring 2023,128,No
spring-2023-0129,DS-4002-sp23-survey-results.csv,Spring 2023,129,Yes
spring-2023-0130,DS-4002-sp23-survey-results.csv,Spring 2023,130,No
spring-2023-0131,DS-4002-sp23-survey-results.csv,Spring 2023,131,No
spring-2023-0132,DS-4002-sp23-survey-results.csv,Spring 2023,132,No
spring-2023-0133,DS-4002-sp23-survey-results.csv,Spring 2023,133,No
spring-2023-0134,DS-4002-sp23-survey-results.csv,Spring 2023,134,No
spring-2023-0135,DS-4002-sp23-survey-results.csv,Spring 2023,135,No
spring-2023-0136,DS-4002-sp23-survey-results.csv,Spring 2023,136,No
spring-2023-0137,DS-4002-sp23-survey-results.csv,Spring 2023,137,No
spring-2023-0138,DS-4002-sp23-survey-results.csv,Spring 2023,138,Yes
spring-2023-0139,DS-4002-sp23-survey-results.csv,Spring 2023,139,Yes
spring-2023-0140,DS-4002-sp23-survey-results.csv,Spring 2023,140,Yes
spring-2023-0141,DS-4002-sp23-survey-results.csv,Spring 2023,141,No
spring-2023-0142,DS-4002-sp23-survey-results.csv,Spring 2023,142,No
spring-2023-0143,DS-4002-sp23-survey-results.csv,Spring 2023,143,No
spring-2023-0144,DS-4002-sp23-survey-results.csv,Spring 2023,144,No
spring-2023-0145,DS-4002-sp23-survey-results.csv,Spring 2023,145,No
spring-2023-0146,DS-4002-sp23-survey-results.csv,Spring 2023,146,No
spring-2023-0147,DS-4002-sp23-survey-results.csv,Spring 2023,147,No
spring-2023-0148,DS-4002-sp23-survey-results.csv,Spring 2023,148,Yes
spring-2023-0149,DS-4002-sp23-survey-results.csv,Spring 2023,149,Yes
spring-2023-0150,DS-4002-sp23-survey-results.csv,Spring 2023,150,No
spring-2023-0151,DS-4002-sp23-survey-results.csv,Spring 2023,151,No
spring-2023-0152,DS-4002-sp23-survey-results.csv,Spring 2023,152,No
spring-2023-0153,DS-4002-sp23-survey-results.csv,Spring 2023,153,No
spring-2023-0154,DS-4002-sp23-survey-results.csv,Spring 2023,154,No
spring-2023-0155,DS-4002-sp23-survey-results.csv,Spring 2023,155,Yes
spring-2023-0156,DS-4002-sp23-survey-results.csv,Spring 2023,156,No
spring-2023-0157,DS-4002-sp23-survey-results.csv,Spring 2023,157,Yes
spring-2023-0158,DS-4002-sp23-survey-results.csv,Spring 2023,158,No
spring-2023-0159,DS-4002-sp23-survey-results.csv,Spring 2023,159,No
spring-2023-0160,DS-4002-sp23-survey-results.csv,Spring 2023,160,No
spring-2023-0161,DS-4002-sp23-survey-results.csv,Spring 2023,161,No
spring-2023-0162,DS-4002-sp23-survey-results.csv,Spring 2023,162,No
spring-2023-0163,DS-4002-sp23-survey-results.csv,Spring 2023,163,No
spring-2023-0164,DS-4002-sp23-survey-results.csv,Spring 2023,164,No
spring-2023-0165,DS-4002-sp23-survey-results.csv,Spring 2023,165,Yes
spring-2023-0166,DS-4002-sp23-survey-results.csv,Spring 2023,166,No
spring-2023-0167,DS-4002-sp23-survey-results.csv,Spring 2023,167,No
spring-2023-0168,DS-4002-sp23-survey-results.csv,Spring 2023,168,Yes
spring-2023-0169,DS-4002-sp23-survey-results.csv,Spring 2023,169,No
spring-2023-0170,DS-4002-sp23-survey-results.csv,Spring 2023,170,No
spring-2023-0171,DS-4002-sp23-survey-results.csv,Spring 2023,171,Yes
spring-2023-0172,DS-4002-sp23-survey-results.csv,Spring 2023,172,No
spring-2023-0173,DS-4002-sp23-survey-results.csv,Spring 2023,173,No
spring-2023-0174,DS-4002-sp23-survey-results.csv,Spring 2023,174,No
spring-2023-0175,DS-4002-sp23-survey-results.csv,Spring 2023,175,No
spring-2023-0176,DS-4002-sp23-survey-results.csv,Spring 2023,176,No
spring-2023-0177,DS-4002-sp23-survey-results.csv,Spring 2023,177,No
spring-2023-0178,DS-4002-sp23-survey-results.csv,Spring 2023,178,Yes
spring-2023-0179,DS-4002-sp23-survey-results.csv,Spring 2023,179,Yes
spring-2023-0180,DS-4002-sp23-survey-results.csv,Spring 2023,180,Yes
spring-2023-0181,DS-4002-sp23-survey-results.csv,Spring 2023,181,Yes
spring-2023-0182,DS-4002-sp23-survey-results.csv,Spring 2023,182,No
spring-2023-0183,DS-4002-sp23-survey-results.csv,Spring 2023,183,No
spring-2023-0184,DS-4002-sp23-survey-results.csv,Spring 2023,184,No
spring-2023-0185,DS-4002-sp23-survey-results.csv,Spring 2023,185,No
spring-2023-0186,DS-4002-sp23-survey-results.csv,Spring 2023,186,No
spring-2023-0187,DS-4002-sp23-survey-results.csv,Spring 2023,187,No
spring-2023-0188,DS-4002-sp23-survey-results.csv,Spring 2023,188,Yes
spring-2023-0189,DS-4002-sp23-survey-results.csv,Spring 2023,189,No
spring-2023-0190,DS-4002-sp23-survey-results.csv,Spring 2023,190,Yes
spring-2023-0191,DS-4002-sp23-survey-results.csv,Spring 2023,191,Yes
spring-2023-0192,DS-4002-sp23-survey-results.csv,Spring 2023,192,No
spring-2023-0193,DS-4002-sp23-survey-results.csv,Spring 2023,193,No
spring-2023-0194,DS-4002-sp23-survey-results.csv,Spring 2023,194,No
spring-2023-0195,DS-4002-sp23-survey-results.csv,Spring 2023,195,No
spring-2023-0196,DS-4002-sp23-survey-results.csv,Spring 2023,196,No
spring-2023-0197,DS-4002-sp23-survey-results.csv,Spring 2023,197,No
spring-2023-0198,DS-4002-sp23-survey-results.csv,Spring 2023,198,Yes
spring-2023-0199,DS-4002-sp23-survey-results.csv,Spring 2023,199,No
spring-2023-0200,DS-4002-sp23-survey-results.csv,Spring 2023,200,No
spring-2023-0201,DS-4002-sp23-survey-results.csv,Spring 2023,201,No
spring-2023-0202,DS-4002-sp23-survey-results.csv,Spring 2023,202,No
spring-2023-0203,DS-4002-sp23-survey-results.csv,Spring 2023,203,No
spring-2023-0204,DS-4002-sp23-survey-results.csv,Spring 2023,204,Yes
spring-2023-0205,DS-4002-sp23-survey-results.csv,Spring 2023,205,No
spring-2023-0206,DS-4002-sp23-survey-results.csv,Spring 2023,206,No
spring-2023-0207,DS-4002-sp23-survey-results.csv,Spring 2023,207,Yes
spring-2023-0208,DS-4002-sp23-survey-results.csv,Spring 2023,208,No
spring-2023-0209,DS-4002-sp23-survey-results.csv,Spring 2023,209,No
spring-2023-0210,DS-4002-sp23-survey-results.csv,Spring 2023,210,No
spring-2023-0211,DS-4002-sp23-survey-results.csv,Spring 2023,211,Yes
spring-2023-0212,DS-4002-sp23-survey-results.csv,Spring 2023,212,Yes
spring-2023-0213,DS-4002-sp23-survey-results.csv,Spring 2023,213,No
spring-2023-0214,DS-4002-sp23-survey-results.csv,Spring 2023,214,Yes
spring-2023-0215,DS-4002-sp23-survey-results.csv,Spring 2023,215,No
spring-2023-0216,DS-4002-sp23-survey-results.csv,Spring 2023,216,Yes
spring-2023-0217,DS-4002-sp23-survey-results.csv,Spring 2023,217,No
spring-2023-0218,DS-4002-sp23-survey-results.csv,Spring 2023,218,No
spring-2023-0219,DS-4002-sp23-survey-results.csv,Spring 2023,219,Yes
spring-2023-0220,DS-4002-sp23-survey-results.csv,Spring 2023,220,No
spring-2023-0221,DS-4002-sp23-survey-results.csv,Spring 2023,221,No
spring-2023-0222,DS-4002-sp23-survey-results.csv,Spring 2023,222,No
spring-2023-0223,DS-4002-sp23-survey-results.csv,Spring 2023,223,No
spring-2023-0224,DS-4002-sp23-survey-results.csv,Spring 2023,224,No
fall-2023-0001,DS-4002-fa23-survey-results.csv,Fall 2023,1,Yes
fall-2023-0002,DS-4002-fa23-survey-results.csv,Fall 2023,2,Yes
fall-2023-0003,DS-4002-fa23-survey-results.csv,Fall 2023,3,Yes
fall-2023-0004,DS-4002-fa23-survey-results.csv,Fall 2023,4,No
fall-2023-0005,DS-4002-fa23-survey-results.csv,Fall 2023,5,No
fall-2023-0006,DS-4002-fa23-survey-results.csv,Fall 2023,6,Yes
fall-2023-0007,DS-4002-fa23-survey-results.csv,Fall 2023,7,Yes
fall-2023-0008,DS-4002-fa23-survey-results.csv,Fall 2023,8,Yes
fall-2023-0009,DS-4002-fa23-survey-results.csv,Fall 2023,9,No
fall-2023-0010,DS-4002-fa23-survey-results.csv,Fall 2023,10,Yes
fall-2023-0011,DS-4002-fa23-survey-results.csv,Fall 2023,11,No
fall-2023-0012,DS-4002-fa23-survey-results.csv,Fall 2023,12,No
fall-2023-0013,DS-4002-fa23-survey-results.csv,Fall 2023,13,No
fall-2023-0014,DS-4002-fa23-survey-results.csv,Fall 2023,14,Yes
fall-2023-0015,DS-4002-fa23-survey-results.csv,Fall 2023,15,Yes
fall-2023-0016,DS-4002-fa23-survey-results.csv,Fall 2023,16,Yes
fall-2023-0017,DS-4002-fa23-survey-results.csv,Fall 2023,17,No
fall-2023-0018,DS-4002-fa23-survey-results.csv,Fall 2023,18,Yes
fall-2023-0019,DS-4002-fa23-survey-results.csv,Fall 2023,19,No
fall-2023-0020,DS-4002-fa23-survey-results.csv,Fall 2023,20,No
fall-2023-0021,DS-4002-fa23-survey-results.csv,Fall 2023,21,No
fall-2023-0022,DS-4002-fa23-survey-results.csv,Fall 2023,22,No
fall-2023-0023,DS-4002-fa23-survey-results.csv,Fall 2023,23,No
fall-2023-0024,DS-4002-fa23-survey-results.csv,Fall 2023,24,Yes
fall-2023-0025,DS-4002-fa23-survey-results.csv,Fall 2023,25,No
fall-2023-0026,DS-4002-fa23-survey-results.csv,Fall 2023,26,Yes
fall-2023-0027,DS-4002-fa23-survey-results.csv,Fall 2023,27,Yes
fall-2023-0028,DS-4002-fa23-survey-results.csv,Fall 2023,28,No
fall-2023-0029,DS-4002-fa23-survey-results.csv,Fall 2023,29,No
fall-2023-0030,DS-4002-fa23-survey-results.csv,Fall 2023,30,No
fall-2023-0031,DS-4002-fa23-survey-results.csv,Fall 2023,31,Yes
fall-2023-0032,DS-4002-fa23-survey-results.csv,Fall 2023,32,Yes
fall-2023-0033,DS-4002-fa23-survey-results.csv,Fall 2023,33,No
fall-2023-0034,DS-4002-fa23-survey-results.csv,Fall 2023,34,No
fall-2023-0035,DS-4002-fa23-survey-results.csv,Fall 2023,35,Yes
fall-2023-0036,DS-4002-fa23-survey-results.csv,Fall 2023,36,No
fall-2023-0037,DS-4002-fa23-survey-results.csv,Fall 2023,37,No
fall-2023-0038,DS-4002-fa23-survey-results.csv,Fall 2023,38,No
fall-2023-0039,DS-4002-fa23-survey-results.csv,Fall 2023,39,No
fall-2023-0040,DS-4002-fa23-survey-results.csv,Fall 2023,40,No
fall-2023-0041,DS-4002-fa23-survey-results.csv,Fall 2023,41,Yes
fall-2023-0042,DS-4002-fa23-survey-results.csv,Fall 2023,42,No
fall-2023-0043,DS-4002-fa23-survey-results.csv,Fall 2023,43,Yes
fall-2023-0044,DS-4002-fa23-survey-results.csv,Fall 2023,44,Yes
fall-2023-0045,DS-4002-fa23-survey-results.csv,Fall 2023,45,Yes
fall-2023-0046,DS-4002-fa23-survey-results.csv,Fall 2023,46,No
fall-2023-0047,DS-4002-fa23-survey-results.csv,Fall 2023,47,Yes
fall-2023-0048,DS-4002-fa23-survey-results.csv,Fall 2023,48,No
fall-2023-0049,DS-4002-fa23-survey-results.csv,Fall 2023,49,No
fall-2023-0050,DS-4002-fa23-survey-results.csv,Fall 2023,50,No
fall-2023-0051,DS-4002-fa23-survey-results.csv,Fall 2023,51,Yes
fall-2023-0052,DS-4002-fa23-survey-results.csv,Fall 2023,52,Yes
fall-2023-0053,DS-4002-fa23-survey-results.csv,Fall 2023,53,No
fall-2023-0054,DS-4002-fa23-survey-results.csv,Fall 2023,54,No
fall-2023-0055,DS-4002-fa23-survey-results.csv,Fall 2023,55,No
fall-2023-0056,DS-4002-fa23-survey-results.csv,Fall 2023,56,Yes
fall-2023-0057,DS-4002-fa23-survey-results.csv,Fall 2023,57,No
fall-2023-0058,DS-4002-fa23-survey-results.csv,Fall 2023,58,No
fall-2023-0059,DS-4002-fa23-survey-results.csv,Fall 2023,59,No
fall-2023-0060,DS-4002-fa23-survey-results.csv,Fall 2023,60,No
fall-2023-0061,DS-4002-fa23-survey-results.csv,Fall 2023,61,No
fall-2023-0062,DS-4002-fa23-survey-results.csv,Fall 2023,62,Yes
fall-2023-0063,DS-4002-fa23-survey-results.csv,Fall 2023,63,No
fall-2023-0064,DS-4002-fa23-survey-results.csv,Fall 2023,64,No
fall-2023-0065,DS-4002-fa23-survey-results.csv,Fall 2023,65,No
fall-2023-0066,DS-4002-fa23-survey-results.csv,Fall 2023,66,Yes
fall-2023-0067,DS-4002-fa23-survey-results.csv,Fall 2023,67,Yes
fall-2023-0068,DS-4002-fa23-survey-results.csv,Fall 2023,68,No
fall-2023-0069,DS-4002-fa23-survey-results.csv,Fall 2023,69,No
fall-2023-0070,DS-4002-fa23-survey-results.csv,Fall 2023,70,No
fall-2023-0071,DS-4002-fa23-survey-results.csv,Fall 2023,71,No
fall-2023-0072,DS-4002-fa23-survey-results.csv,Fall 2023,72,No
fall-2023-0073,DS-4002-fa23-survey-results.csv,Fall 2023,73,No
fall-2023-0074,DS-4002-fa23-survey-results.csv,Fall 2023,74,Yes
fall-2023-0075,DS-4002-fa23-survey-results.csv,Fall 2023,75,No
fall-2023-0076,DS-4002-fa23-survey-results.csv,Fall 2023,76,No
fall-2023-0077,DS-4002-fa23-survey-results.csv,Fall 2023,77,Yes
fall-2023-0078,DS-4002-fa23-survey-results.csv,Fall 2023,78,No
fall-2023-0079,DS-4002-fa23-survey-results.csv,Fall 2023,79,No
fall-2023-0080,DS-4002-fa23-survey-results.csv,Fall 2023,80,No
fall-2023-0081,DS-4002-fa23-survey-results.csv,Fall 2023,81,No
fall-2023-0082,DS-4002-fa23-survey-results.csv,Fall 2023,82,Yes
fall-2023-0083,DS-4002-fa23-survey-results.csv,Fall 2023,83,No
fall-2023-0084,DS-4002-fa23-survey-results.csv,Fall 2023,84,No
fall-2023-0085,DS-4002-fa23-survey-results.csv,Fall 2023,85,Yes
fall-2023-0086,DS-4002-fa23-survey-results.csv,Fall 2023,86,No
fall-2023-0087,DS-4002-fa23-survey-results.csv,Fall 2023,87,No
fall-2023-0088,DS-4002-fa23-survey-results.csv,Fall 2023,88,No
fall-2023-0089,DS-4002-fa23-survey-results.csv,Fall 2023,89,Yes
fall-2023-0090,DS-4002-fa23-survey-results.csv,Fall 2023,90,No
fall-2023-0091,DS-4002-fa23-survey-results.csv,Fall 2023,91,Yes
fall-2023-0092,DS-4002-fa23-survey-results.csv,Fall 2023,92,No
fall-2023-0093,DS-4002-fa23-survey-results.csv,Fall 2023,93,No
fall-2023-0094,DS-4002-fa23-survey-results.csv,Fall 2023,94,Yes
fall-2023-0095,DS-4002-fa23-survey-results.csv,Fall 2023,95,No
fall-2023-0096,DS-4002-fa23-survey-results.csv,Fall 2023,96,Yes
fall-2023-0097,DS-4002-fa23-survey-results.csv,Fall 2023,97,Yes
fall-2023-0098,DS-4002-fa23-survey-results.csv,Fall 2023,98,No
fall-2023-0099,DS-4002-fa23-survey-results.csv,Fall 2023,99,No
fall-2023-0100,DS-4002-fa23-survey-results.csv,Fall 2023,100,Yes
fall-2023-0101,DS-4002-fa23-survey-results.csv,Fall 2023,101,No
fall-2023-0102,DS-4002-fa23-survey-results.csv,Fall 2023,102,Yes
fall-2023-0103,DS-4002-fa23-survey-results.csv,Fall 2023,103,No
fall-2023-0104,DS-4002-fa23-survey-results.csv,Fall 2023,104,No
fall-2023-0105,DS-4002-fa23-survey-results.csv,Fall 2023,105,No
fall-2023-0106,DS-4002-fa23-survey-results.csv,Fall 2023,106,No
fall-2023-0107,DS-4002-fa23-survey-results.csv,Fall 2023,107,Yes
fall-2023-0108,DS-4002-fa23-survey-results.csv,Fall 2023,108,Yes
fall-2023-0109,DS-4002-fa23-survey-results.csv,Fall 2023,109,Yes
fall-2023-0110,DS-4002-fa23-survey-results.csv,Fall 2023,110,No
fall-2023-0111,DS-4002-fa23-survey-results.csv,Fall 2023,111,Yes
fall-2023-0112,DS-4002-fa23-survey-results.csv,Fall 2023,112,No
fall-2023-0113,DS-4002-fa23-survey-results.csv,Fall 2023,113,Yes
fall-2023-0114,DS-4002-fa23-survey-results.csv,Fall 2023,114,Yes
fall-2023-0115,DS-4002-fa23-survey-results.csv,Fall 2023,115,Yes
fall-2023-0116,DS-4002-fa23-survey-results.csv,Fall 2023,116,Yes
fall-2023-0117,DS-4002-fa23-survey-results.csv,Fall 2023,117,Yes
fall-2023-0118,DS-4002-fa23-survey-results.csv,Fall 2023,118,No
fall-2023-0119,DS-4002-fa23-survey-results.csv,Fall 2023,119,Yes
fall-2023-0120,DS-4002-fa23-survey-results.csv,Fall 2023,120,Yes
fall-2023-0121,DS-4002-fa23-survey-results.csv,Fall 2023,121,No
fall-2023-0122,DS-4002-fa23-survey-results.csv,Fall 2023,122,Yes
fall-2023-0123,DS-4002-fa23-survey-results.csv,Fall 2023,123,Yes
fall-2023-0124,DS-4002-fa23-survey-results.csv,Fall 2023,124,No
fall-2023-0125,DS-4002-fa23-survey-results.csv,Fall 2023,125,Yes
fall-2023-0126,DS-4002-fa23-survey-results.csv,Fall 2023,126,No
fall-2023-0127,DS-4002-fa23-survey-results.csv,Fall 2023,127,No
fall-2023-0128,DS-4002-fa23-survey-results.csv,Fall 2023,128,Yes
fall-2023-0129,DS-4002-fa23-survey-results.csv,Fall 2023,129,Yes
fall-2023-0130,DS-4002-fa23-survey-results.csv,Fall 2023,130,No
fall-2023-0131,DS-4002-fa23-survey-results.csv,Fall 2023,131,No
fall-2023-0132,DS-4002-fa23-survey-results.csv,Fall 2023,132,No
fall-2023-0133,DS-4002-fa23-survey-results.csv,Fall 2023,133,No
fall-2023-0134,DS-4002-fa23-survey-results.csv,Fall 2023,134,No
fall-2023-0135,DS-4002-fa23-survey-results.csv,Fall 2023,135,No
fall-2023-0136,DS-4002-fa23-survey-results.csv,Fall 2023,136,No
fall-2023-0137,DS-4002-fa23-survey-results.csv,Fall 2023,137,No
fall-2023-0138,DS-4002-fa23-survey-results.csv,Fall 2023,138,No
fall-2023-0139,DS-4002-fa23-survey-results.csv,Fall 2023,139,Yes
fall-2023-0140,DS-4002-fa23-survey-results.csv,Fall 2023,140,No
fall-2023-0141,DS-4002-fa23-survey-results.csv,Fall 2023,141,Yes
fall-2023-0142,DS-4002-fa23-survey-results.csv,Fall 2023,142,Yes
fall-2023-0143,DS-4002-fa23-survey-results.csv,Fall 2023,143,Yes
fall-2023-0144,DS-4002-fa23-survey-results.csv,Fall 2023,144,No
fall-2023-0145,DS-4002-fa23-survey-results.csv,Fall 2023,145,No
fall-2023-0146,DS-4002-fa23-survey-results.csv,Fall 2023,146,Yes
fall-2023-0147,DS-4002-fa23-survey-results.csv,Fall 2023,147,No
fall-2023-0148,DS-4002-fa23-survey-results.csv,Fall 2023,148,Yes
fall-2023-0149,DS-4002-fa23-survey-results.csv,Fall 2023,149,No
fall-2023-0150,DS-4002-fa23-survey-results.csv,Fall 2023,150,Yes
fall-2023-0151,DS-4002-fa23-survey-results.csv,Fall 2023,151,Yes
fall-2023-0152,DS-4002-fa23-survey-results.csv,Fall 2023,152,Yes
fall-2023-0153,DS-4002-fa23-survey-results.csv,Fall 2023,153,No
fall-2023-0154,DS-4002-fa23-survey-results.csv,Fall 2023,154,No
fall-2023-0155,DS-4002-fa23-survey-results.csv,Fall 2023,155,No
fall-2023-0156,DS-4002-fa23-survey-results.csv,Fall 2023,156,Yes
fall-2023-0157,DS-4002-fa23-survey-results.csv,Fall 2023,157,No
fall-2023-0158,DS-4002-fa23-survey-results.csv,Fall 2023,158,No
spring-2024-0001,DS-4002-sp24-survey-results.csv,Spring 2024,1,No
spring-2024-0002,DS-4002-sp24-survey-results.csv,Spring 2024,2,No
spring-2024-0003,DS-4002-sp24-survey-results.csv,Spring 2024,3,No
spring-2024-0004,DS-4002-sp24-survey-results.csv,Spring 2024,4,No
spring-2024-0005,DS-4002-sp24-survey-results.csv,Spring 2024,5,Yes
spring-2024-0006,DS-4002-sp24-survey-results.csv,Spring 2024,6,No
spring-2024-0007,DS-4002-sp24-survey-results.csv,Spring 2024,7,No
spring-2024-0008,DS-4002-sp24-survey-results.csv,Spring 2024,8,No
spring-2024-0009,DS-4002-sp24-survey-results.csv,Spring 2024,9,No
spring-2024-0010,DS-4002-sp24-survey-results.csv,Spring 2024,10,No
spring-2024-0011,DS-4002-sp24-survey-results.csv,Spring 2024,11,No
spring-2024-0012,DS-4002-sp24-survey-results.csv,Spring 2024,12,No
spring-2024-0013,DS-4002-sp24-survey-results.csv,Spring 2024,13,No
spring-2024-0014,DS-4002-sp24-survey-results.csv,Spring 2024,14,Yes
spring-2024-0015,DS-4002-sp24-survey-results.csv,Spring 2024,15,No
spring-2024-0016,DS-4002-sp24-survey-results.csv,Spring 2024,16,No
spring-2024-0017,DS-4002-sp24-survey-results.csv,Spring 2024,17,No
spring-2024-0018,DS-4002-sp24-survey-results.csv,Spring 2024,18,No
spring-2024-0019,DS-4002-sp24-survey-results.csv,Spring 2024,19,No
spring-2024-0020,DS-4002-sp24-survey-results.csv,Spring 2024,20,No
spring-2024-0021,DS-4002-sp24-survey-results.csv,Spring 2024,21,No
spring-2024-0022,DS-4002-sp24-survey-results.csv,Spring 2024,22,Yes
spring-2024-0023,DS-4002-sp24-survey-results.csv,Spring 2024,23,No
spring-2024-0024,DS-4002-sp24-survey-results.csv,Spring 2024,24,Yes
spring-2024-0025,DS-4002-sp24-survey-results.csv,Spring 2024,25,No
spring-2024-0026,DS-4002-sp24-survey-results.csv,Spring 2024,26,No
spring-2024-0027,DS-4002-sp24-survey-results.csv,Spring 2024,27,Yes
spring-2024-0028,DS-4002-sp24-survey-results.csv,Spring 2024,28,Yes
spring-2024-0029,DS-4002-sp24-survey-results.csv,Spring 2024,29,No
spring-2024-0030,DS-4002-sp24-survey-results.csv,Spring 2024,30,No
spring-2024-0031,DS-4002-sp24-survey-results.csv,Spring 2024,31,Yes
spring-2024-0032,DS-4002-sp24-survey-results.csv,Spring 2024,32,No
spring-2024-0033,DS-4002-sp24-survey-results.csv,Spring 2024,33,No
spring-2024-0034,DS-4002-sp24-survey-results.csv,Spring 2024,34,Yes
spring-2024-0035,DS-4002-sp24-survey-results.csv,Spring 2024,35,Yes
spring-2024-0036,DS-4002-sp24-survey-results.csv,Spring 2024,36,No
spring-2024-0037,DS-4002-sp24-survey-results.csv,Spring 2024,37,Yes
spring-2024-0038,DS-4002-sp24-survey-results.csv,Spring 2024,38,No
spring-2024-0039,DS-4002-sp24-survey-results.csv,Spring 2024,39,No
spring-2024-0040,DS-4002-sp24-survey-results.csv,Spring 2024,40,Yes
spring-2024-0041,DS-4002-sp24-survey-results.csv,Spring 2024,41,Yes
spring-2024-0042,DS-4002-sp24-survey-results.csv,Spring 2024,42,Yes
spring-2024-0043,DS-4002-sp24-survey-results.csv,Spring 2024,43,No
spring-2024-0044,DS-4002-sp24-survey-results.csv,Spring 2024,44,Yes
spring-2024-0045,DS-4002-sp24-survey-results.csv,Spring 2024,45,Yes
spring-2024-0046,DS-4002-sp24-survey-results.csv,Spring 2024,46,No
spring-2024-0047,DS-4002-sp24-survey-results.csv,Spring 2024,47,No
spring-2024-0048,DS-4002-sp24-survey-results.csv,Spring 2024,48,No
spring-2024-0049,DS-4002-sp24-survey-results.csv,Spring 2024,49,No
spring-2024-0050,DS-4002-sp24-survey-results.csv,Spring 2024,50,No
spring-2024-0051,DS-4002-sp24-survey-results.csv,Spring 2024,51,Yes
spring-2024-0052,DS-4002-sp24-survey-results.csv,Spring 2024,52,No
spring-2024-0053,DS-4002-sp24-survey-results.csv,Spring 2024,53,No
spring-2024-0054,DS-4002-sp24-survey-results.csv,Spring 2024,54,No
spring-2024-0055,DS-4002-sp24-survey-results.csv,Spring 2024,55,No
spring-2024-0056,DS-4002-sp24-survey-results.csv,Spring 2024,56,No
spring-2024-0057,DS-4002-sp24-survey-results.csv,Spring 2024,57,Yes
spring-2024-0058,DS-4002-sp24-survey-results.csv,Spring 2024,58,No
spring-2024-0059,DS-4002-sp24-survey-results.csv,Spring 2024,59,No
spring-2024-0060,DS-4002-sp24-survey-results.csv,Spring 2024,60,No
spring-2024-0061,DS-4002-sp24-survey-results.csv,Spring 2024,61,No
spring-2024-0062,DS-4002-sp24-survey-results.csv,Spring 2024,62,No
spring-2024-0063,DS-4002-sp24-survey-results.csv,Spring 2024,63,Yes
spring-2024-0064,DS-4002-sp24-survey-results.csv,Spring 2024,64,No
spring-2024-0065,DS-4002-sp24-survey-results.csv,Spring 2024,65,Yes
spring-2024-0066,DS-4002-sp24-survey-results.csv,Spring 2024,66,No
spring-2024-0067,DS-4002-sp24-survey-results.csv,Spring 2024,67,No
spring-2024-0068,DS-4002-sp24-survey-results.csv,Spring 2024,68,No
spring-2024-0069,DS-4002-sp24-survey-results.csv,Spring 2024,69,No
spring-2024-0070,DS-4002-sp24-survey-results.csv,Spring 2024,70,Yes
spring-2024-0071,DS-4002-sp24-survey-results.csv,Spring 2024,71,Yes
spring-2024-0072,DS-4002-sp24-survey-results.csv,Spring 2024,72,No
spring-2024-0073,DS-4002-sp24-survey-results.csv,Spring 2024,73,No
spring-2024-0074,DS-4002-sp24-survey-results.csv,Spring 2024,74,No
spring-2024-0075,DS-4002-sp24-survey-results.csv,Spring 2024,75,No
spring-2024-0076,DS-4002-sp24-survey-results.csv,Spring 2024,76,No
spring-2024-0077,DS-4002-sp24-survey-results.csv,Spring 2024,77,Yes
spring-2024-0078,DS-4002-sp24-survey-results.csv,Spring 2024,78,No
spring-2024-0079,DS-4002-sp24-survey-results.csv,Spring 2024,79,No
spring-2024-0080,DS-4002-sp24-survey-results.csv,Spring 2024,80,No
spring-2024-0081,DS-4002-sp24-survey-results.csv,Spring 2024,81,Yes
spring-2024-0082,DS-4002-sp24-survey-results.csv,Spring 2024,82,Yes
spring-2024-0083,DS-4002-sp24-survey-results.csv,Spring 2024,83,Yes
spring-2024-0084,DS-4002-sp24-survey-results.csv,Spring 2024,84,No
spring-2024-0085,DS-4002-sp24-survey-results.csv,Spring 2024,85,Yes
spring-2024-0086,DS-4002-sp24-survey-results.csv,Spring 2024,86,No
spring-2024-0087,DS-4002-sp24-survey-results.csv,Spring 2024,87,No
spring-2024-0088,DS-4002-sp24-survey-results.csv,Spring 2024,88,Yes
spring-2024-0089,DS-4002-sp24-survey-results.csv,Spring 2024,89,Yes
spring-2024-0090,DS-4002-sp24-survey-results.csv,Spring 2024,90,Yes
spring-2024-0091,DS-4002-sp24-survey-results.csv,Spring 2024,91,Yes
fall-2024-0001,Hot-Dog-Form-Fa24.csv,Fall 2024,1,No
fall-2024-0002,Hot-Dog-Form-Fa24.csv,Fall 2024,2,No
fall-2024-0003,Hot-Dog-Form-Fa24.csv,Fall 2024,3,No
fall-2024-0004,Hot-Dog-Form-Fa24.csv,Fall 2024,4,No
fall-2024-0005,Hot-Dog-Form-Fa24.csv,Fall 2024,5,No
fall-2024-0006,Hot-Dog-Form-Fa24.csv,Fall 2024,6,Yes
fall-2024-0007,Hot-Dog-Form-Fa24.csv,Fall 2024,7,No
fall-2024-0008,Hot-Dog-Form-Fa24.csv,Fall 2024,8,Yes
fall-2024-0009,Hot-Dog-Form-Fa24.csv,Fall 2024,9,No
fall-2024-0010,Hot-Dog-Form-Fa24.csv,Fall 2024,10,Yes
fall-2024-0011,Hot-Dog-Form-Fa24.csv,Fall 2024,11,No
fall-2024-0012,Hot-Dog-Form-Fa24.csv,Fall 2024,12,Yes
fall-2024-0013,Hot-Dog-Form-Fa24.csv,Fall 2024,13,Yes
fall-2024-0014,Hot-Dog-Form-Fa24.csv,Fall 2024,14,No
fall-2024-0015,Hot-Dog-Form-Fa24.csv,Fall 2024,15,No
fall-2024-0016,Hot-Dog-Form-Fa24.csv,Fall 2024,16,No
fall-2024-0017,Hot-Dog-Form-Fa24.csv,Fall 2024,17,No
fall-2024-0018,Hot-Dog-Form-Fa24.csv,Fall 2024,18,Yes
fall-2024-0019,Hot-Dog-Form-Fa24.csv,Fall 2024,19,No
fall-2024-0020,Hot-Dog-Form-Fa24.csv,Fall 2024,20,No
fall-2024-0021,Hot-Dog-Form-Fa24.csv,Fall 2024,21,No
fall-2024-0022,Hot-Dog-Form-Fa24.csv,Fall 2024,22,No
fall-2024-0023,Hot-Dog-Form-Fa24.csv,Fall 2024,23,Yes
fall-2024-0024,Hot-Dog-Form-Fa24.csv,Fall 2024,24,Yes
fall-2024-0025,Hot-Dog-Form-Fa24.csv,Fall 2024,25,No
fall-2024-0026,Hot-Dog-Form-Fa24.csv,Fall 2024,26,No
fall-2024-0027,Hot-Dog-Form-Fa24.csv,Fall 2024,27,Yes
fall-2024-0028,Hot-Dog-Form-Fa24.csv,Fall 2024,28,Yes
fall-2024-0029,Hot-Dog-Form-Fa24.csv,Fall 2024,29,Yes
fall-2024-0030,Hot-Dog-Form-Fa24.csv,Fall 2024,30,Yes
fall-2024-0031,Hot-Dog-Form-Fa24.csv,Fall 2024,31,Yes
fall-2024-0032,Hot-Dog-Form-Fa24.csv,Fall 2024,32,No
fall-2024-0033,Hot-Dog-Form-Fa24.csv,Fall 2024,33,No
fall-2024-0034,Hot-Dog-Form-Fa24.csv,Fall 2024,34,Yes
fall-2024-0035,Hot-Dog-Form-Fa24.csv,Fall 2024,35,No
fall-2024-0036,Hot-Dog-Form-Fa24.csv,Fall 2024,36,No
fall-2024-0037,Hot-Dog-Form-Fa24.csv,Fall 2024,37,No
fall-2024-0038,Hot-Dog-Form-Fa24.csv,Fall 2024,38,No
fall-2024-0039,Hot-Dog-Form-Fa24.csv,Fall 2024,39,Yes
fall-2024-0040,Hot-Dog-Form-Fa24.csv,Fall 2024,40,No
fall-2024-0041,Hot-Dog-Form-Fa24.csv,Fall 2024,41,No
fall-2024-0042,Hot-Dog-Form-Fa24.csv,Fall 2024,42,Yes
fall-2024-0043,Hot-Dog-Form-Fa24.csv,Fall 2024,43,No
fall-2024-0044,Hot-Dog-Form-Fa24.csv,Fall 2024,44,Yes
fall-2024-0045,Hot-Dog-Form-Fa24.csv,Fall 2024,45,Yes
fall-2024-0046,Hot-Dog-Form-Fa24.csv,Fall 2024,46,No
fall-2024-0047,Hot-Dog-Form-Fa24.csv,Fall 2024,47,No
fall-2024-0048,Hot-Dog-Form-Fa24.csv,Fall 2024,48,No
fall-2024-0049,Hot-Dog-Form-Fa24.csv,Fall 2024,49,Yes
fall-2024-0050,Hot-Dog-Form-Fa24.csv,Fall 2024,50,No
fall-2024-0051,Hot-Dog-Form-Fa24.csv,Fall 2024,51,No
fall-2024-0052,Hot-Dog-Form-Fa24.csv,Fall 2024,52,Yes
fall-2024-0053,Hot-Dog-Form-Fa24.csv,Fall 2024,53,No
fall-2024-0054,Hot-Dog-Form-Fa24.csv,Fall 2024,54,No
fall-2024-0055,Hot-Dog-Form-Fa24.csv,Fall 2024,55,No
fall-2024-0056,Hot-Dog-Form-Fa24.csv,Fall 2024,56,No
fall-2024-0057,Hot-Dog-Form-Fa24.csv,Fall 2024,57,No
fall-2024-0058,Hot-Dog-Form-Fa24.csv,Fall 2024,58,No
fall-2024-0059,Hot-Dog-Form-Fa24.csv,Fall 2024,59,Yes
fall-2024-0060,Hot-Dog-Form-Fa24.csv,Fall 2024,60,No
fall-2024-0061,Hot-Dog-Form-Fa24.csv,Fall 2024,61,No
fall-2024-0062,Hot-Dog-Form-Fa24.csv,Fall 2024,62,No
fall-2024-0063,Hot-Dog-Form-Fa24.csv,Fall 2024,63,No
fall-2024-0064,Hot-Dog-Form-Fa24.csv,Fall 2024,64,Yes
fall-2024-0065,Hot-Dog-Form-Fa24.csv,Fall 2024,65,No
fall-2024-0066,Hot-Dog-Form-Fa24.csv,Fall 2024,66,No
fall-2024-0067,Hot-Dog-Form-Fa24.csv,Fall 2024,67,Yes
fall-2024-0068,Hot-Dog-Form-Fa24.csv,Fall 2024,68,No
fall-2024-0069,Hot-Dog-Form-Fa24.csv,Fall 2024,69,Yes
fall-2024-0070,Hot-Dog-Form-Fa24.csv,Fall 2024,70,No
fall-2024-0071,Hot-Dog-Form-Fa24.csv,Fall 2024,71,Yes
fall-2024-0072,Hot-Dog-Form-Fa24.csv,Fall 2024,72,No
fall-2024-0073,Hot-Dog-Form-Fa24.csv,Fall 2024,73,No
fall-2024-0074,Hot-Dog-Form-Fa24.csv,Fall 2024,74,No
fall-2024-0075,Hot-Dog-Form-Fa24.csv,Fall 2024,75,Yes
fall-2024-0076,Hot-Dog-Form-Fa24.csv,Fall 2024,76,No
fall-2024-0077,Hot-Dog-Form-Fa24.csv,Fall 2024,77,Yes
fall-2024-0078,Hot-Dog-Form-Fa24.csv,Fall 2024,78,Yes
fall-2024-0079,Hot-Dog-Form-Fa24.csv,Fall 2024,79,No
fall-2024-0080,Hot-Dog-Form-Fa24.csv,Fall 2024,80,Yes
fall-2024-0081,Hot-Dog-Form-Fa24.csv,Fall 2024,81,Yes
fall-2024-0082,Hot-Dog-Form-Fa24.csv,Fall 2024,82,No
fall-2024-0083,Hot-Dog-Form-Fa24.csv,Fall 2024,83,Yes
fall-2024-0084,Hot-Dog-Form-Fa24.csv,Fall 2024,84,No
fall-2024-0085,Hot-Dog-Form-Fa24.csv,Fall 2024,85,No
fall-2024-0086,Hot-Dog-Form-Fa24.csv,Fall 2024,86,No
fall-2024-0087,Hot-Dog-Form-Fa24.csv,Fall 2024,87,No
fall-2024-0088,Hot-Dog-Form-Fa24.csv,Fall 2024,88,Yes
fall-2024-0089,Hot-Dog-Form-Fa24.csv,Fall 2024,89,No
fall-2024-0090,Hot-Dog-Form-Fa24.csv,Fall 2024,90,No
fall-2024-0091,Hot-Dog-Form-Fa24.csv,Fall 2024,91,No
fall-2024-0092,Hot-Dog-Form-Fa24.csv,Fall 2024,92,Yes
fall-2024-0093,Hot-Dog-Form-Fa24.csv,Fall 2024,93,No
fall-2024-0094,Hot-Dog-Form-Fa24.csv,Fall 2024,94,No
fall-2024-0095,Hot-Dog-Form-Fa24.csv,Fall 2024,95,No
fall-2024-0096,Hot-Dog-Form-Fa24.csv,Fall 2024,96,No
fall-2024-0097,Hot-Dog-Form-Fa24.csv,Fall 2024,97,No
fall-2024-0098,Hot-Dog-Form-Fa24.csv,Fall 2024,98,No
fall-2024-0099,Hot-Dog-Form-Fa24.csv,Fall 2024,99,No
fall-2024-0100,Hot-Dog-Form-Fa24.csv,Fall 2024,100,No
fall-2024-0101,Hot-Dog-Form-Fa24.csv,Fall 2024,101,Yes
fall-2024-0102,Hot-Dog-Form-Fa24.csv,Fall 2024,102,No
fall-2024-0103,Hot-Dog-Form-Fa24.csv,Fall 2024,103,No
fall-2024-0104,Hot-Dog-Form-Fa24.csv,Fall 2024,104,No
fall-2024-0105,Hot-Dog-Form-Fa24.csv,Fall 2024,105,No
fall-2024-0106,Hot-Dog-Form-Fa24.csv,Fall 2024,106,Yes
fall-2024-0107,Hot-Dog-Form-Fa24.csv,Fall 2024,107,No
fall-2024-0108,Hot-Dog-Form-Fa24.csv,Fall 2024,108,No
fall-2024-0109,Hot-Dog-Form-Fa24.csv,Fall 2024,109,Yes
fall-2024-0110,Hot-Dog-Form-Fa24.csv,Fall 2024,110,No
fall-2024-0111,Hot-Dog-Form-Fa24.csv,Fall 2024,111,No
fall-2024-0112,Hot-Dog-Form-Fa24.csv,Fall 2024,112,No
fall-2024-0113,Hot-Dog-Form-Fa24.csv,Fall 2024,113,No
fall-2024-0114,Hot-Dog-Form-Fa24.csv,Fall 2024,114,No
fall-2024-0115,Hot-Dog-Form-Fa24.csv,Fall 2024,115,No
fall-2024-0116,Hot-Dog-Form-Fa24.csv,Fall 2024,116,No
fall-2024-0117,Hot-Dog-Form-Fa24.csv,Fall 2024,117,Yes
fall-2024-0118,Hot-Dog-Form-Fa24.csv,Fall 2024,118,No
fall-2024-0119,Hot-Dog-Form-Fa24.csv,Fall 2024,119,No
fall-2024-0120,Hot-Dog-Form-Fa24.csv,Fall 2024,120,No
fall-2024-0121,Hot-Dog-Form-Fa24.csv,Fall 2024,121,Yes
fall-2024-0122,Hot-Dog-Form-Fa24.csv,Fall 2024,122,Yes
fall-2024-0123,Hot-Dog-Form-Fa24.csv,Fall 2024,123,Yes
fall-2024-0124,Hot-Dog-Form-Fa24.csv,Fall 2024,124,No
fall-2024-0125,Hot-Dog-Form-Fa24.csv,Fall 2024,125,Yes
fall-2024-0126,Hot-Dog-Form-Fa24.csv,Fall 2024,126,No
fall-2024-0127,Hot-Dog-Form-Fa24.csv,Fall 2024,127,No
fall-2024-0128,Hot-Dog-Form-Fa24.csv,Fall 2024,128,Yes
fall-2024-0129,Hot-Dog-Form-Fa24.csv,Fall 2024,129,Yes
fall-2024-0130,Hot-Dog-Form-Fa24.csv,Fall 2024,130,Yes
fall-2024-0131,Hot-Dog-Form-Fa24.csv,Fall 2024,131,No
fall-2024-0132,Hot-Dog-Form-Fa24.csv,Fall 2024,132,Yes
fall-2024-0133,Hot-Dog-Form-Fa24.csv,Fall 2024,133,No
fall-2024-0134,Hot-Dog-Form-Fa24.csv,Fall 2024,134,No
fall-2024-0135,Hot-Dog-Form-Fa24.csv,Fall 2024,135,No
fall-2024-0136,Hot-Dog-Form-Fa24.csv,Fall 2024,136,No
fall-2024-0137,Hot-Dog-Form-Fa24.csv,Fall 2024,137,No
fall-2024-0138,Hot-Dog-Form-Fa24.csv,Fall 2024,138,No
fall-2024-0139,Hot-Dog-Form-Fa24.csv,Fall 2024,139,Yes
fall-2024-0140,Hot-Dog-Form-Fa24.csv,Fall 2024,140,No
fall-2024-0141,Hot-Dog-Form-Fa24.csv,Fall 2024,141,No
fall-2024-0142,Hot-Dog-Form-Fa24.csv,Fall 2024,142,No
fall-2024-0143,Hot-Dog-Form-Fa24.csv,Fall 2024,143,No
fall-2024-0144,Hot-Dog-Form-Fa24.csv,Fall 2024,144,Yes
fall-2024-0145,Hot-Dog-Form-Fa24.csv,Fall 2024,145,No
fall-2024-0146,Hot-Dog-Form-Fa24.csv,Fall 2024,146,No
fall-2024-0147,Hot-Dog-Form-Fa24.csv,Fall 2024,147,No
fall-2024-0148,Hot-Dog-Form-Fa24.csv,Fall 2024,148,Yes
fall-2024-0149,Hot-Dog-Form-Fa24.csv,Fall 2024,149,No
fall-2024-0150,Hot-Dog-Form-Fa24.csv,Fall 2024,150,Yes
fall-2024-0151,Hot-Dog-Form-Fa24.csv,Fall 2024,151,No
fall-2024-0152,Hot-Dog-Form-Fa24.csv,Fall 2024,152,Yes
fall-2024-0153,Hot-Dog-Form-Fa24.csv,Fall 2024,153,No
fall-2024-0154,Hot-Dog-Form-Fa24.csv,Fall 2024,154,No
fall-2024-0155,Hot-Dog-Form-Fa24.csv,Fall 2024,155,No
fall-2024-0156,Hot-Dog-Form-Fa24.csv,Fall 2024,156,No
fall-2024-0157,Hot-Dog-Form-Fa24.csv,Fall 2024,157,Yes
fall-2024-0158,Hot-Dog-Form-Fa24.csv,Fall 2024,158,No
fall-2024-0159,Hot-Dog-Form-Fa24.csv,Fall 2024,159,Yes
fall-2024-0160,Hot-Dog-Form-Fa24.csv,Fall 2024,160,Yes
fall-2024-0161,Hot-Dog-Form-Fa24.csv,Fall 2024,161,No
fall-2024-0162,Hot-Dog-Form-Fa24.csv,Fall 2024,162,No
fall-2024-0163,Hot-Dog-Form-Fa24.csv,Fall 2024,163,No
fall-2024-0164,Hot-Dog-Form-Fa24.csv,Fall 2024,164,No
fall-2024-0165,Hot-Dog-Form-Fa24.csv,Fall 2024,165,No
fall-2024-0166,Hot-Dog-Form-Fa24.csv,Fall 2024,166,No
fall-2024-0167,Hot-Dog-Form-Fa24.csv,Fall 2024,167,No
fall-2024-0168,Hot-Dog-Form-Fa24.csv,Fall 2024,168,No
fall-2024-0169,Hot-Dog-Form-Fa24.csv,Fall 2024,169,No
fall-2024-0170,Hot-Dog-Form-Fa24.csv,Fall 2024,170,Yes
fall-2024-0171,Hot-Dog-Form-Fa24.csv,Fall 2024,171,Yes
fall-2024-0172,Hot-Dog-Form-Fa24.csv,Fall 2024,172,Yes
fall-2024-0173,Hot-Dog-Form-Fa24.csv,Fall 2024,173,No
fall-2024-0174,Hot-Dog-Form-Fa24.csv,Fall 2024,174,Yes
fall-2024-0175,Hot-Dog-Form-Fa24.csv,Fall 2024,175,Yes
fall-2024-0176,Hot-Dog-Form-Fa24.csv,Fall 2024,176,Yes
fall-2024-0177,Hot-Dog-Form-Fa24.csv,Fall 2024,177,No
fall-2024-0178,Hot-Dog-Form-Fa24.csv,Fall 2024,178,No
fall-2024-0179,Hot-Dog-Form-Fa24.csv,Fall 2024,179,No
fall-2024-0180,Hot-Dog-Form-Fa24.csv,Fall 2024,180,No
fall-2024-0181,Hot-Dog-Form-Fa24.csv,Fall 2024,181,No
fall-2024-0182,Hot-Dog-Form-Fa24.csv,Fall 2024,182,No
fall-2024-0183,Hot-Dog-Form-Fa24.csv,Fall 2024,183,No
fall-2024-0184,Hot-Dog-Form-Fa24.csv,Fall 2024,184,No
fall-2024-0185,Hot-Dog-Form-Fa24.csv,Fall 2024,185,Yes
fall-2024-0186,Hot-Dog-Form-Fa24.csv,Fall 2024,186,Yes
fall-2024-0187,Hot-Dog-Form-Fa24.csv,Fall 2024,187,No
fall-2025-0001,Is hotdog a sandwich_ (Responses).xlsx,Fall 2025,1,Yes
fall-2025-0002,Is hotdog a sandwich_ (Responses).xlsx,Fall 2025,2,Yes
fall-2025-0003,Is hotdog a sandwich_ (Responses).xlsx,Fall 2025,3,Yes
fall-2025-0004,Is hotdog a sandwich_ (Responses).xlsx,Fall 2025,4,Yes
fall-2025-0005,Is hotdog a sandwich_ (Responses).xlsx,Fall 2025,5,No
fall-2025-0006,Is hotdog a sandwich_ (Responses).xlsx,Fall 2025,6,No
fall-2025-0007,Is hotdog a sandwich_ (Responses).xlsx,Fall 2025,7,No
fall-2025-0008,Is hotdog a sandwich_ (Responses).xlsx,Fall 2025,8,No
fall-2025-0009,Is hotdog a sandwich_ (Responses).xlsx,Fall 2025,9,No
fall-2025-0010,Is hotdog a sandwich_ (Responses).xlsx,Fall 2025,10,No
fall-2025-0011,Is hotdog a sandwich_ (Responses).xlsx,Fall 2025,11,No
fall-2025-0012,Is hotdog a sandwich_ (Responses).xlsx,Fall 2025,12,No
fall-2025-0013,Is hotdog a sandwich_ (Responses).xlsx,Fall 2025,13,Yes
fall-2025-0014,Is hotdog a sandwich_ (Responses).xlsx,Fall 2025,14,No
fall-2025-0015,Is hotdog a sandwich_ (Responses).xlsx,Fall 2025,15,Yes
fall-2025-0016,Is hotdog a sandwich_ (Responses).xlsx,Fall 2025,16,Yes
fall-2025-0017,Is hotdog a sandwich_ (Responses).xlsx,Fall 2025,17,Yes
fall-2025-0018,Is hotdog a sandwich_ (Responses).xlsx,Fall 2025,18,No
fall-2025-0019,Is hotdog a sandwich_ (Responses).xlsx,Fall 2025,19,Yes
fall-2025-0020,Is hotdog a sandwich_ (Responses).xlsx,Fall 2025,20,No
fall-2025-0021,Is hotdog a sandwich_ (Responses).xlsx,Fall 2025,21,Yes
fall-2025-0022,Is hotdog a sandwich_ (Responses).xlsx,Fall 2025,22,No
fall-2025-0023,Is hotdog a sandwich_ (Responses).xlsx,Fall 2025,23,Yes
fall-2025-0024,Is hotdog a sandwich_ (Responses).xlsx,Fall 2025,24,No
fall-2025-0025,Is hotdog a sandwich_ (Responses).xlsx,Fall 2025,25,No
fall-2025-0026,Is hotdog a sandwich_ (Responses).xlsx,Fall 2025,26,No
fall-2025-0027,Is hotdog a sandwich_ (Responses).xlsx,Fall 2025,27,No
fall-2025-0028,Is hotdog a sandwich_ (Responses).xlsx,Fall 2025,28,No
fall-2025-0029,Is hotdog a sandwich_ (Responses).xlsx,Fall 2025,29,No
fall-2025-0030,Is hotdog a sandwich_ (Responses).xlsx,Fall 2025,30,No
fall-2025-0031,Is hotdog a sandwich_ (Responses).xlsx,Fall 2025,31,No
fall-2025-0032,Is hotdog a sandwich_ (Responses).xlsx,Fall 2025,32,No
fall-2025-0033,Is hotdog a sandwich_ (Responses).xlsx,Fall 2025,33,No
fall-2025-0034,Is hotdog a sandwich_ (Responses).xlsx,Fall 2025,34,No
fall-2025-0035,Is hotdog a sandwich_ (Responses).xlsx,Fall 2025,35,Yes
fall-2025-0036,Is hotdog a sandwich_ (Responses).xlsx,Fall 2025,36,No
fall-2025-0037,Is hotdog a sandwich_ (Responses).xlsx,Fall 2025,37,No
fall-2025-0038,Is hotdog a sandwich_ (Responses).xlsx,Fall 2025,38,No
fall-2025-0039,Is hotdog a sandwich_ (Responses).xlsx,Fall 2025,39,No
fall-2025-0040,Is hotdog a sandwich_ (Responses).xlsx,Fall 2025,40,No
fall-2025-0041,Is hotdog a sandwich_ (Responses).xlsx,Fall 2025,41,No
fall-2025-0042,Is hotdog a sandwich_ (Responses).xlsx,Fall 2025,42,No
fall-2025-0043,Is hotdog a sandwich_ (Responses).xlsx,Fall 2025,43,No
fall-2025-0044,Is hotdog a sandwich_ (Responses).xlsx,Fall 2025,44,No
fall-2025-0045,Is hotdog a sandwich_ (Responses).xlsx,Fall 2025,45,No
fall-2025-0046,Is hotdog a sandwich_ (Responses).xlsx,Fall 2025,46,No
fall-2025-0047,Is hotdog a sandwich_ (Responses).xlsx,Fall 2025,47,No
fall-2025-0048,Is hotdog a sandwich_ (Responses).xlsx,Fall 2025,48,No
fall-2025-0049,Is hotdog a sandwich_ (Responses).xlsx,Fall 2025,49,Yes
fall-2025-0050,Is hotdog a sandwich_ (Responses).xlsx,Fall 2025,50,No
fall-2025-0051,Is hotdog a sandwich_ (Responses).xlsx,Fall 2025,51,No
fall-2025-0052,Is hotdog a sandwich_ (Responses).xlsx,Fall 2025,52,No
fall-2025-0053,Is hotdog a sandwich_ (Responses).xlsx,Fall 2025,53,No
fall-2025-0054,Is hotdog a sandwich_ (Responses).xlsx,Fall 2025,54,No
fall-2025-0055,Is hotdog a sandwich_ (Responses).xlsx,Fall 2025,55,No
fall-2025-0056,Is hotdog a sandwich_ (Responses).xlsx,Fall 2025,56,No
fall-2025-0057,Is hotdog a sandwich_ (Responses).xlsx,Fall 2025,57,No
fall-2025-0058,Is hotdog a sandwich_ (Responses).xlsx,Fall 2025,58,Yes
fall-2025-0059,Is hotdog a sandwich_ (Responses).xlsx,Fall 2025,59,No
fall-2025-0060,Is hotdog a sandwich_ (Responses).xlsx,Fall 2025,60,No
fall-2025-0061,Is hotdog a sandwich_ (Responses).xlsx,Fall 2025,61,No
fall-2025-0062,Is hotdog a sandwich_ (Responses).xlsx,Fall 2025,62,No
fall-2025-0063,Is hotdog a sandwich_ (Responses).xlsx,Fall 2025,63,Yes
fall-2025-0064,Is hotdog a sandwich_ (Responses).xlsx,Fall 2025,64,No
fall-2025-0065,Is hotdog a sandwich_ (Responses).xlsx,Fall 2025,65,No
fall-2025-0066,Is hotdog a sandwich_ (Responses).xlsx,Fall 2025,66,No
fall-2025-0067,Is hotdog a sandwich_ (Responses).xlsx,Fall 2025,67,Yes
fall-2025-0068,Is hotdog a sandwich_ (Responses).xlsx,Fall 2025,68,No
fall-2025-0069,Is hotdog a sandwich_ (Responses).xlsx,Fall 2025,69,No
fall-2025-0070,Is hotdog a sandwich_ (Responses).xlsx,Fall 2025,70,No
fall-2025-0071,Is hotdog a sandwich_ (Responses).xlsx,Fall 2025,71,No
fall-2025-0072,Is hotdog a sandwich_ (Responses).xlsx,Fall 2025,72,Yes
fall-2025-0073,Is hotdog a sandwich_ (Responses).xlsx,Fall 2025,73,No
fall-2025-0074,Is hotdog a sandwich_ (Responses).xlsx,Fall 2025,74,No
fall-2025-0075,Is hotdog a sandwich_ (Responses).xlsx,Fall 2025,75,No
fall-2025-0076,Is hotdog a sandwich_ (Responses).xlsx,Fall 2025,76,Yes
fall-2025-0077,Is hotdog a sandwich_ (Responses).xlsx,Fall 2025,77,Yes
fall-2025-0078,Is hotdog a sandwich_ (Responses).xlsx,Fall 2025,78,Yes
fall-2025-0079,Is hotdog a sandwich_ (Responses).xlsx,Fall 2025,79,No
fall-2025-0080,Is hotdog a sandwich_ (Responses).xlsx,Fall 2025,80,No
fall-2025-0081,Is hotdog a sandwich_ (Responses).xlsx,Fall 2025,81,No
fall-2025-0082,Is hotdog a sandwich_ (Responses).xlsx,Fall 2025,82,Yes
fall-2025-0083,Is hotdog a sandwich_ (Responses).xlsx,Fall 2025,83,Yes
fall-2025-0084,Is hotdog a sandwich_ (Responses).xlsx,Fall 2025,84,No
fall-2025-0085,Is hotdog a sandwich_ (Responses).xlsx,Fall 2025,85,Yes
fall-2025-0086,Is hotdog a sandwich_ (Responses).xlsx,Fall 2025,86,No
fall-2025-0087,Is hotdog a sandwich_ (Responses).xlsx,Fall 2025,87,No
fall-2025-0088,Is hotdog a sandwich_ (Responses).xlsx,Fall 2025,88,No
fall-2025-0089,Is hotdog a sandwich_ (Responses).xlsx,Fall 2025,89,Yes
fall-2025-0090,Is hotdog a sandwich_ (Responses).xlsx,Fall 2025,90,No
fall-2025-0091,Is hotdog a sandwich_ (Responses).xlsx,Fall 2025,91,No
fall-2025-0092,Is hotdog a sandwich_ (Responses).xlsx,Fall 2025,92,No
fall-2025-0093,Is hotdog a sandwich_ (Responses).xlsx,Fall 2025,93,Yes
fall-2025-0094,Is hotdog a sandwich_ (Responses).xlsx,Fall 2025,94,No
fall-2025-0095,Is hotdog a sandwich_ (Responses).xlsx,Fall 2025,95,No
fall-2025-0096,Is hotdog a sandwich_ (Responses).xlsx,Fall 2025,96,Yes
fall-2025-0097,Is hotdog a sandwich_ (Responses).xlsx,Fall 2025,97,No
fall-2025-0098,Is hotdog a sandwich_ (Responses).xlsx,Fall 2025,98,No
fall-2025-0099,Is hotdog a sandwich_ (Responses).xlsx,Fall 2025,99,No
fall-2025-0100,Is hotdog a sandwich_ (Responses).xlsx,Fall 2025,100,No
fall-2025-0101,Is hotdog a sandwich_ (Responses).xlsx,Fall 2025,101,Yes
fall-2025-0102,Is hotdog a sandwich_ (Responses).xlsx,Fall 2025,102,No
fall-2025-0103,Is hotdog a sandwich_ (Responses).xlsx,Fall 2025,103,No
fall-2025-0104,Is hotdog a sandwich_ (Responses).xlsx,Fall 2025,104,Yes
fall-2025-0105,Is hotdog a sandwich_ (Responses).xlsx,Fall 2025,105,No
fall-2025-0106,Is hotdog a sandwich_ (Responses).xlsx,Fall 2025,106,Yes
fall-2025-0107,Is hotdog a sandwich_ (Responses).xlsx,Fall 2025,107,No
fall-2025-0108,Is hotdog a sandwich_ (Responses).xlsx,Fall 2025,108,No
fall-2025-0109,Is hotdog a sandwich_ (Responses).xlsx,Fall 2025,109,No
fall-2025-0110,Is hotdog a sandwich_ (Responses).xlsx,Fall 2025,110,No
fall-2025-0111,Is hotdog a sandwich_ (Responses).xlsx,Fall 2025,111,No
fall-2025-0112,Is hotdog a sandwich_ (Responses).xlsx,Fall 2025,112,No
fall-2025-0113,Is hotdog a sandwich_ (Responses).xlsx,Fall 2025,113,Yes
fall-2025-0114,Is hotdog a sandwich_ (Responses).xlsx,Fall 2025,114,No
fall-2025-0115,Is hotdog a sandwich_ (Responses).xlsx,Fall 2025,115,No
fall-2025-0116,Is hotdog a sandwich_ (Responses).xlsx,Fall 2025,116,Yes
fall-2025-0117,Is hotdog a sandwich_ (Responses).xlsx,Fall 2025,117,Yes
fall-2025-0118,Is hotdog a sandwich_ (Responses).xlsx,Fall 2025,118,Yes
fall-2025-0119,Is hotdog a sandwich_ (Responses).xlsx,Fall 2025,119,No
fall-2025-0120,Is hotdog a sandwich_ (Responses).xlsx,Fall 2025,120,No
fall-2025-0121,Is hotdog a sandwich_ (Responses).xlsx,Fall 2025,121,Yes
fall-2025-0122,Is hotdog a sandwich_ (Responses).xlsx,Fall 2025,122,Yes
fall-2025-0123,Is hotdog a sandwich_ (Responses).xlsx,Fall 2025,123,Yes
fall-2025-0124,Is hotdog a sandwich_ (Responses).xlsx,Fall 2025,124,No
fall-2025-0125,Is hotdog a sandwich_ (Responses).xlsx,Fall 2025,125,No
fall-2025-0126,Is hotdog a sandwich_ (Responses).xlsx,Fall 2025,126,Yes
fall-2025-0127,Is hotdog a sandwich_ (Responses).xlsx,Fall 2025,127,No
fall-2025-0128,Is hotdog a sandwich_ (Responses).xlsx,Fall 2025,128,No
fall-2025-0129,Is hotdog a sandwich_ (Responses).xlsx,Fall 2025,129,No
fall-2025-0130,Is hotdog a sandwich_ (Responses).xlsx,Fall 2025,130,No
fall-2025-0131,Is hotdog a sandwich_ (Responses).xlsx,Fall 2025,131,No
fall-2025-0132,Is hotdog a sandwich_ (Responses).xlsx,Fall 2025,132,Yes
fall-2025-0133,Is hotdog a sandwich_ (Responses).xlsx,Fall 2025,133,No
fall-2025-0134,Is hotdog a sandwich_ (Responses).xlsx,Fall 2025,134,No
fall-2025-0135,Is hotdog a sandwich_ (Responses).xlsx,Fall 2025,135,No
fall-2025-0136,Is hotdog a sandwich_ (Responses).xlsx,Fall 2025,136,No
fall-2025-0137,Is hotdog a sandwich_ (Responses).xlsx,Fall 2025,137,Yes
fall-2025-0138,Is hotdog a sandwich_ (Responses).xlsx,Fall 2025,138,No
fall-2025-0139,Is hotdog a sandwich_ (Responses).xlsx,Fall 2025,139,No
fall-2025-0140,Is hotdog a sandwich_ (Responses).xlsx,Fall 2025,140,No
fall-2025-0141,Is hotdog a sandwich_ (Responses).xlsx,Fall 2025,141,No
fall-2025-0142,Is hotdog a sandwich_ (Responses).xlsx,Fall 2025,142,No
fall-2025-0143,Is hotdog a sandwich_ (Responses).xlsx,Fall 2025,143,No
fall-2025-0144,Is hotdog a sandwich_ (Responses).xlsx,Fall 2025,144,No
fall-2025-0145,Is hotdog a sandwich_ (Responses).xlsx,Fall 2025,145,No
fall-2025-0146,Is hotdog a sandwich_ (Responses).xlsx,Fall 2025,146,No
fall-2025-0147,Is hotdog a sandwich_ (Responses).xlsx,Fall 2025,147,Yes
fall-2025-0148,Is hotdog a sandwich_ (Responses).xlsx,Fall 2025,148,No
fall-2025-0149,Is hotdog a sandwich_ (Responses).xlsx,Fall 2025,149,No
fall-2025-0150,Is hotdog a sandwich_ (Responses).xlsx,Fall 2025,150,Yes
fall-2025-0151,Is hotdog a sandwich_ (Responses).xlsx,Fall 2025,151,No
fall-2025-0152,Is hotdog a sandwich_ (Responses).xlsx,Fall 2025,152,No
fall-2025-0153,Is hotdog a sandwich_ (Responses).xlsx,Fall 2025,153,Yes
fall-2025-0154,Is hotdog a sandwich_ (Responses).xlsx,Fall 2025,154,No
fall-2025-0155,Is hotdog a sandwich_ (Responses).xlsx,Fall 2025,155,No
fall-2025-0156,Is hotdog a sandwich_ (Responses).xlsx,Fall 2025,156,No
fall-2025-0157,Is hotdog a sandwich_ (Responses).xlsx,Fall 2025,157,Yes
fall-2025-0158,Is hotdog a sandwich_ (Responses).xlsx,Fall 2025,158,Yes
fall-2025-0159,Is hotdog a sandwich_ (Responses).xlsx,Fall 2025,159,No
fall-2025-0160,Is hotdog a sandwich_ (Responses).xlsx,Fall 2025,160,No
fall-2025-0161,Is hotdog a sandwich_ (Responses).xlsx,Fall 2025,161,No
fall-2025-0162,Is hotdog a sandwich_ (Responses).xlsx,Fall 2025,162,Yes
fall-2025-0163,Is hotdog a sandwich_ (Responses).xlsx,Fall 2025,163,No
fall-2025-0164,Is hotdog a sandwich_ (Responses).xlsx,Fall 2025,164,No
fall-2025-0165,Is hotdog a sandwich_ (Responses).xlsx,Fall 2025,165,Yes
fall-2025-0166,Is hotdog a sandwich_ (Responses).xlsx,Fall 2025,166,No
fall-2025-0167,Is hotdog a sandwich_ (Responses).xlsx,Fall 2025,167,No
fall-2025-0168,Is hotdog a sandwich_ (Responses).xlsx,Fall 2025,168,No
fall-2025-0169,Is hotdog a sandwich_ (Responses).xlsx,Fall 2025,169,No
fall-2025-0170,Is hotdog a sandwich_ (Responses).xlsx,Fall 2025,170,Yes
fall-2025-0171,Is hotdog a sandwich_ (Responses).xlsx,Fall 2025,171,No
fall-2025-0172,Is hotdog a sandwich_ (Responses).xlsx,Fall 2025,172,Yes
fall-2025-0173,Is hotdog a sandwich_ (Responses).xlsx,Fall 2025,173,No
fall-2025-0174,Is hotdog a sandwich_ (Responses).xlsx,Fall 2025,174,No
fall-2025-0175,Is hotdog a sandwich_ (Responses).xlsx,Fall 2025,175,No
fall-2025-0176,Is hotdog a sandwich_ (Responses).xlsx,Fall 2025,176,Yes
fall-2025-0177,Is hotdog a sandwich_ (Responses).xlsx,Fall 2025,177,No
fall-2025-0178,Is hotdog a sandwich_ (Responses).xlsx,Fall 2025,178,Yes
fall-2025-0179,Is hotdog a sandwich_ (Responses).xlsx,Fall 2025,179,No
fall-2025-0180,Is hotdog a sandwich_ (Responses).xlsx,Fall 2025,180,No
fall-2025-0181,Is hotdog a sandwich_ (Responses).xlsx,Fall 2025,181,No
fall-2025-0182,Is hotdog a sandwich_ (Responses).xlsx,Fall 2025,182,Yes
fall-2025-0183,Is hotdog a sandwich_ (Responses).xlsx,Fall 2025,183,No
fall-2025-0184,Is hotdog a sandwich_ (Responses).xlsx,Fall 2025,184,Yes
fall-2025-0185,Is hotdog a sandwich_ (Responses).xlsx,Fall 2025,185,No
fall-2025-0186,Is hotdog a sandwich_ (Responses).xlsx,Fall 2025,186,No
fall-2025-0187,Is hotdog a sandwich_ (Responses).xlsx,Fall 2025,187,No
fall-2025-0188,Is hotdog a sandwich_ (Responses).xlsx,Fall 2025,188,No
fall-2025-0189,Is hotdog a sandwich_ (Responses).xlsx,Fall 2025,189,No
fall-2025-0190,Is hotdog a sandwich_ (Responses).xlsx,Fall 2025,190,No
fall-2025-0191,Is hotdog a sandwich_ (Responses).xlsx,Fall 2025,191,No
fall-2025-0192,Is hotdog a sandwich_ (Responses).xlsx,Fall 2025,192,No
fall-2025-0193,Is hotdog a sandwich_ (Responses).xlsx,Fall 2025,193,No
fall-2025-0194,Is hotdog a sandwich_ (Responses).xlsx,Fall 2025,194,No
fall-2025-0195,Is hotdog a sandwich_ (Responses).xlsx,Fall 2025,195,No
fall-2025-0196,Is hotdog a sandwich_ (Responses).xlsx,Fall 2025,196,Yes
fall-2025-0197,Is hotdog a sandwich_ (Responses).xlsx,Fall 2025,197,No
fall-2025-0198,Is hotdog a sandwich_ (Responses).xlsx,Fall 2025,198,No
fall-2025-0199,Is hotdog a sandwich_ (Responses).xlsx,Fall 2025,199,No
fall-2025-0200,Is hotdog a sandwich_ (Responses).xlsx,Fall 2025,200,No
fall-2025-0201,Is hotdog a sandwich_ (Responses).xlsx,Fall 2025,201,No
fall-2025-0202,Is hotdog a sandwich_ (Responses).xlsx,Fall 2025,202,Yes
fall-2025-0203,Is hotdog a sandwich_ (Responses).xlsx,Fall 2025,203,No
fall-2025-0204,Is hotdog a sandwich_ (Responses).xlsx,Fall 2025,204,No
fall-2025-0205,Is hotdog a sandwich_ (Responses).xlsx,Fall 2025,205,Yes
fall-2025-0206,Is hotdog a sandwich_ (Responses).xlsx,Fall 2025,206,Yes
fall-2025-0207,Is hotdog a sandwich_ (Responses).xlsx,Fall 2025,207,Yes
fall-2026-0001,hotdog_data_parkhurst(1).xlsx,Fall 2026,1,No
fall-2026-0002,hotdog_data_parkhurst(1).xlsx,Fall 2026,2,No
fall-2026-0003,hotdog_data_parkhurst(1).xlsx,Fall 2026,3,No
fall-2026-0004,hotdog_data_parkhurst(1).xlsx,Fall 2026,4,No
fall-2026-0005,hotdog_data_parkhurst(1).xlsx,Fall 2026,5,No
fall-2026-0006,hotdog_data_parkhurst(1).xlsx,Fall 2026,6,No
fall-2026-0007,hotdog_data_parkhurst(1).xlsx,Fall 2026,7,No
fall-2026-0008,hotdog_data_parkhurst(1).xlsx,Fall 2026,8,No
fall-2026-0009,hotdog_data_parkhurst(1).xlsx,Fall 2026,9,No
fall-2026-0010,hotdog_data_parkhurst(1).xlsx,Fall 2026,10,No
fall-2026-0011,hotdog_data_parkhurst(1).xlsx,Fall 2026,11,Yes
fall-2026-0012,hotdog_data_parkhurst(1).xlsx,Fall 2026,12,No
fall-2026-0013,hotdog_data_parkhurst(1).xlsx,Fall 2026,13,No
fall-2026-0014,hotdog_data_parkhurst(1).xlsx,Fall 2026,14,Yes
fall-2026-0015,hotdog_data_parkhurst(1).xlsx,Fall 2026,15,Yes
fall-2026-0016,hotdog_data_parkhurst(1).xlsx,Fall 2026,16,No
fall-2026-0017,hotdog_data_parkhurst(1).xlsx,Fall 2026,17,No
fall-2026-0018,hotdog_data_parkhurst(1).xlsx,Fall 2026,18,No
fall-2026-0019,hotdog_data_parkhurst(1).xlsx,Fall 2026,19,No
fall-2026-0020,hotdog_data_parkhurst(1).xlsx,Fall 2026,20,No
fall-2026-0021,hotdog_data_parkhurst(1).xlsx,Fall 2026,21,No
fall-2026-0022,hotdog_data_parkhurst(1).xlsx,Fall 2026,22,No
fall-2026-0023,hotdog_data_parkhurst(1).xlsx,Fall 2026,23,No
fall-2026-0024,hotdog_data_parkhurst(1).xlsx,Fall 2026,24,No
fall-2026-0025,hotdog_data_parkhurst(1).xlsx,Fall 2026,25,No
fall-2026-0026,hotdog_data_parkhurst(1).xlsx,Fall 2026,26,No
fall-2026-0027,hotdog_data_parkhurst(1).xlsx,Fall 2026,27,No
fall-2026-0028,hotdog_data_parkhurst(1).xlsx,Fall 2026,28,Yes
fall-2026-0029,hotdog_data_parkhurst(1).xlsx,Fall 2026,29,No
fall-2026-0030,hotdog_data_parkhurst(1).xlsx,Fall 2026,30,Yes
fall-2026-0031,hotdog_data_parkhurst(1).xlsx,Fall 2026,31,No
fall-2026-0032,hotdog_data_parkhurst(1).xlsx,Fall 2026,32,No
fall-2026-0033,hotdog_data_parkhurst(1).xlsx,Fall 2026,33,Yes
fall-2026-0034,hotdog_data_parkhurst(1).xlsx,Fall 2026,34,Yes
fall-2026-0035,hotdog_data_parkhurst(1).xlsx,Fall 2026,35,No
fall-2026-0036,hotdog_data_parkhurst(1).xlsx,Fall 2026,36,No
fall-2026-0037,hotdog_data_parkhurst(1).xlsx,Fall 2026,37,No
fall-2026-0038,hotdog_data_parkhurst(1).xlsx,Fall 2026,38,Yes
fall-2026-0039,hotdog_data_parkhurst(1).xlsx,Fall 2026,39,No
fall-2026-0040,hotdog_data_parkhurst(1).xlsx,Fall 2026,40,Yes
fall-2026-0041,hotdog_data_parkhurst(1).xlsx,Fall 2026,41,Yes
fall-2026-0042,hotdog_data_parkhurst(1).xlsx,Fall 2026,42,No
fall-2026-0043,hotdog_data_parkhurst(1).xlsx,Fall 2026,43,No
fall-2026-0044,hotdog_data_parkhurst(1).xlsx,Fall 2026,44,Yes
fall-2026-0045,hotdog_data_parkhurst(1).xlsx,Fall 2026,45,No
fall-2026-0046,hotdog_data_parkhurst(1).xlsx,Fall 2026,46,Yes
fall-2026-0047,hotdog_data_parkhurst(1).xlsx,Fall 2026,47,No
fall-2026-0048,hotdog_data_parkhurst(1).xlsx,Fall 2026,48,No
fall-2026-0049,hotdog_data_parkhurst(1).xlsx,Fall 2026,49,Yes
fall-2026-0050,hotdog_data_parkhurst(1).xlsx,Fall 2026,50,No
fall-2026-0051,hotdog_data_parkhurst(1).xlsx,Fall 2026,51,No
fall-2026-0052,hotdog_data_parkhurst(1).xlsx,Fall 2026,52,No
fall-2026-0053,hotdog_data_parkhurst(1).xlsx,Fall 2026,53,Yes
fall-2026-0054,hotdog_data_parkhurst(1).xlsx,Fall 2026,54,Yes
fall-2026-0055,hotdog_data_parkhurst(1).xlsx,Fall 2026,55,No
fall-2026-0056,hotdog_data_parkhurst(1).xlsx,Fall 2026,56,Yes
fall-2026-0057,hotdog_data_parkhurst(1).xlsx,Fall 2026,57,No
fall-2026-0058,hotdog_data_parkhurst(1).xlsx,Fall 2026,58,Yes
fall-2026-0059,hotdog_data_parkhurst(1).xlsx,Fall 2026,59,No
fall-2026-0060,hotdog_data_parkhurst(1).xlsx,Fall 2026,60,No
fall-2026-0061,hotdog_data_parkhurst(1).xlsx,Fall 2026,61,No
fall-2026-0062,hotdog_data_parkhurst(1).xlsx,Fall 2026,62,No
fall-2026-0063,hotdog_data_parkhurst(1).xlsx,Fall 2026,63,No
fall-2026-0064,hotdog_data_parkhurst(1).xlsx,Fall 2026,64,No
fall-2026-0065,hotdog_data_parkhurst(1).xlsx,Fall 2026,65,No
fall-2026-0066,hotdog_data_parkhurst(1).xlsx,Fall 2026,66,No
fall-2026-0067,hotdog_data_parkhurst(1).xlsx,Fall 2026,67,No
fall-2026-0068,hotdog_data_parkhurst(1).xlsx,Fall 2026,68,No
fall-2026-0069,hotdog_data_parkhurst(1).xlsx,Fall 2026,69,Yes
fall-2026-0070,hotdog_data_parkhurst(1).xlsx,Fall 2026,70,Yes
fall-2026-0071,hotdog_data_parkhurst(1).xlsx,Fall 2026,71,No
fall-2026-0072,hotdog_data_parkhurst(1).xlsx,Fall 2026,72,No
fall-2026-0073,hotdog_data_parkhurst(1).xlsx,Fall 2026,73,No
fall-2026-0074,hotdog_data_parkhurst(1).xlsx,Fall 2026,74,Yes
fall-2026-0075,hotdog_data_parkhurst(1).xlsx,Fall 2026,75,No
fall-2026-0076,hotdog_data_parkhurst(1).xlsx,Fall 2026,76,Yes
fall-2026-0077,hotdog_data_parkhurst(1).xlsx,Fall 2026,77,No
fall-2026-0078,hotdog_data_parkhurst(1).xlsx,Fall 2026,78,Yes
fall-2026-0079,hotdog_data_parkhurst(1).xlsx,Fall 2026,79,No
fall-2026-0080,hotdog_data_parkhurst(1).xlsx,Fall 2026,80,No
fall-2026-0081,hotdog_data_parkhurst(1).xlsx,Fall 2026,81,No
fall-2026-0082,hotdog_data_parkhurst(1).xlsx,Fall 2026,82,No
fall-2026-0083,hotdog_data_parkhurst(1).xlsx,Fall 2026,83,Yes
fall-2026-0084,hotdog_data_parkhurst(1).xlsx,Fall 2026,84,No
fall-2026-0085,hotdog_data_parkhurst(1).xlsx,Fall 2026,85,No
fall-2026-0086,hotdog_data_parkhurst(1).xlsx,Fall 2026,86,Yes
fall-2026-0087,hotdog_data_parkhurst(1).xlsx,Fall 2026,87,No
fall-2026-0088,hotdog_data_parkhurst(1).xlsx,Fall 2026,88,No
fall-2026-0089,hotdog_data_parkhurst(1).xlsx,Fall 2026,89,No
fall-2026-0090,hotdog_data_parkhurst(1).xlsx,Fall 2026,90,No
fall-2026-0091,hotdog_data_parkhurst(1).xlsx,Fall 2026,91,No
fall-2026-0092,hotdog_data_parkhurst(1).xlsx,Fall 2026,92,Yes
fall-2026-0093,hotdog_data_parkhurst(1).xlsx,Fall 2026,93,No
fall-2026-0094,hotdog_data_parkhurst(1).xlsx,Fall 2026,94,No
fall-2026-0095,hotdog_data_parkhurst(1).xlsx,Fall 2026,95,Yes
fall-2026-0096,hotdog_data_parkhurst(1).xlsx,Fall 2026,96,No
fall-2026-0097,hotdog_data_parkhurst(1).xlsx,Fall 2026,97,No
fall-2026-0098,hotdog_data_parkhurst(1).xlsx,Fall 2026,98,No
fall-2026-0099,hotdog_data_parkhurst(1).xlsx,Fall 2026,99,Yes
fall-2026-0100,hotdog_data_parkhurst(1).xlsx,Fall 2026,100,Yes
fall-2026-0101,hotdog_data_parkhurst(1).xlsx,Fall 2026,101,No
fall-2026-0102,hotdog_data_parkhurst(1).xlsx,Fall 2026,102,No
fall-2026-0103,hotdog_data_parkhurst(1).xlsx,Fall 2026,103,No
fall-2026-0104,hotdog_data_parkhurst(1).xlsx,Fall 2026,104,No
fall-2026-0105,hotdog_data_parkhurst(1).xlsx,Fall 2026,105,Yes
fall-2026-0106,hotdog_data_parkhurst(1).xlsx,Fall 2026,106,No
fall-2026-0107,hotdog_data_parkhurst(1).xlsx,Fall 2026,107,No
fall-2026-0108,hotdog_data_parkhurst(1).xlsx,Fall 2026,108,No
fall-2026-0109,hotdog_data_parkhurst(1).xlsx,Fall 2026,109,No
fall-2026-0110,hotdog_data_parkhurst(1).xlsx,Fall 2026,110,Yes
fall-2026-0111,hotdog_data_parkhurst(1).xlsx,Fall 2026,111,Yes
fall-2026-0112,hotdog_data_parkhurst(1).xlsx,Fall 2026,112,No
fall-2026-0113,hotdog_data_parkhurst(1).xlsx,Fall 2026,113,No
fall-2026-0114,hotdog_data_parkhurst(1).xlsx,Fall 2026,114,Yes
fall-2026-0115,hotdog_data_parkhurst(1).xlsx,Fall 2026,115,No
fall-2026-0116,hotdog_data_parkhurst(1).xlsx,Fall 2026,116,No
fall-2026-0117,hotdog_data_parkhurst(1).xlsx,Fall 2026,117,No
fall-2026-0118,hotdog_data_parkhurst(1).xlsx,Fall 2026,118,No
fall-2026-0119,hotdog_data_parkhurst(1).xlsx,Fall 2026,119,Yes
fall-2026-0120,hotdog_data_parkhurst(1).xlsx,Fall 2026,120,No
fall-2026-0121,hotdog_data_parkhurst(1).xlsx,Fall 2026,121,Yes
fall-2026-0122,hotdog_data_parkhurst(1).xlsx,Fall 2026,122,Yes
fall-2026-0123,hotdog_data_parkhurst(1).xlsx,Fall 2026,123,No
fall-2026-0124,hotdog_data_parkhurst(1).xlsx,Fall 2026,124,Yes
fall-2026-0125,hotdog_data_parkhurst(1).xlsx,Fall 2026,125,Yes
fall-2026-0126,hotdog_data_parkhurst(1).xlsx,Fall 2026,126,No
fall-2026-0127,hotdog_data_parkhurst(1).xlsx,Fall 2026,127,Yes
fall-2026-0128,hotdog_data_parkhurst(1).xlsx,Fall 2026,128,No
fall-2026-0129,hotdog_data_parkhurst(1).xlsx,Fall 2026,129,No
fall-2026-0130,hotdog_data_parkhurst(1).xlsx,Fall 2026,130,Yes
fall-2026-0131,hotdog_data_parkhurst(1).xlsx,Fall 2026,131,No
fall-2026-0132,hotdog_data_parkhurst(1).xlsx,Fall 2026,132,No
fall-2026-0133,hotdog_data_parkhurst(1).xlsx,Fall 2026,133,No
fall-2026-0134,hotdog_data_parkhurst(1).xlsx,Fall 2026,134,No
fall-2026-0135,hotdog_data_parkhurst(1).xlsx,Fall 2026,135,No
fall-2026-0136,hotdog_data_parkhurst(1).xlsx,Fall 2026,136,No
fall-2026-0137,hotdog_data_parkhurst(1).xlsx,Fall 2026,137,No
fall-2026-0138,hotdog_data_parkhurst(1).xlsx,Fall 2026,138,Yes
fall-2026-0139,hotdog_data_parkhurst(1).xlsx,Fall 2026,139,No
fall-2026-0140,hotdog_data_parkhurst(1).xlsx,Fall 2026,140,No
fall-2026-0141,hotdog_data_parkhurst(1).xlsx,Fall 2026,141,No
fall-2026-0142,hotdog_data_parkhurst(1).xlsx,Fall 2026,142,No
fall-2026-0143,hotdog_data_parkhurst(1).xlsx,Fall 2026,143,No
fall-2026-0144,hotdog_data_parkhurst(1).xlsx,Fall 2026,144,No
fall-2026-0145,hotdog_data_parkhurst(1).xlsx,Fall 2026,145,No
fall-2026-0146,hotdog_data_parkhurst(1).xlsx,Fall 2026,146,Yes
fall-2026-0147,hotdog_data_parkhurst(1).xlsx,Fall 2026,147,Yes
fall-2026-0148,hotdog_data_parkhurst(1).xlsx,Fall 2026,148,No
fall-2026-0149,hotdog_data_parkhurst(1).xlsx,Fall 2026,149,No
fall-2026-0150,hotdog_data_parkhurst(1).xlsx,Fall 2026,150,No
fall-2026-0151,hotdog_data_parkhurst(1).xlsx,Fall 2026,151,No
fall-2026-0152,hotdog_data_parkhurst(1).xlsx,Fall 2026,152,No
fall-2026-0153,hotdog_data_parkhurst(1).xlsx,Fall 2026,153,No
fall-2026-0154,hotdog_data_parkhurst(1).xlsx,Fall 2026,154,No
fall-2026-0155,hotdog_data_parkhurst(1).xlsx,Fall 2026,155,No
fall-2026-0156,hotdog_data_parkhurst(1).xlsx,Fall 2026,156,Yes
fall-2026-0157,hotdog_data_parkhurst(1).xlsx,Fall 2026,157,No
fall-2026-0158,hotdog_data_parkhurst(1).xlsx,Fall 2026,158,No
fall-2026-0159,hotdog_data_parkhurst(1).xlsx,Fall 2026,159,No
fall-2026-0160,hotdog_data_parkhurst(1).xlsx,Fall 2026,160,No
fall-2026-0161,hotdog_data_parkhurst(1).xlsx,Fall 2026,161,No
fall-2026-0162,hotdog_data_parkhurst(1).xlsx,Fall 2026,162,No
fall-2026-0163,hotdog_data_parkhurst(1).xlsx,Fall 2026,163,No
fall-2026-0164,hotdog_data_parkhurst(1).xlsx,Fall 2026,164,No
fall-2026-0165,hotdog_data_parkhurst(1).xlsx,Fall 2026,165,No
fall-2026-0166,hotdog_data_parkhurst(1).xlsx,Fall 2026,166,No
fall-2026-0167,hotdog_data_parkhurst(1).xlsx,Fall 2026,167,No
fall-2026-0168,hotdog_data_parkhurst(1).xlsx,Fall 2026,168,Yes
fall-2026-0169,hotdog_data_parkhurst(1).xlsx,Fall 2026,169,No
fall-2026-0170,hotdog_data_parkhurst(1).xlsx,Fall 2026,170,No
fall-2026-0171,hotdog_data_parkhurst(1).xlsx,Fall 2026,171,Yes
fall-2026-0172,hotdog_data_parkhurst(1).xlsx,Fall 2026,172,Yes
fall-2026-0173,hotdog_data_parkhurst(1).xlsx,Fall 2026,173,No
fall-2026-0174,hotdog_data_parkhurst(1).xlsx,Fall 2026,174,No
fall-2026-0175,hotdog_data_parkhurst(1).xlsx,Fall 2026,175,No
fall-2026-0176,hotdog_data_parkhurst(1).xlsx,Fall 2026,176,No
fall-2026-0177,hotdog_data_parkhurst(1).xlsx,Fall 2026,177,No
fall-2026-0178,hotdog_data_parkhurst(1).xlsx,Fall 2026,178,No
fall-2026-0179,hotdog_data_parkhurst(1).xlsx,Fall 2026,179,Yes
fall-2026-0180,hotdog_data_parkhurst(1).xlsx,Fall 2026,180,No
fall-2026-0181,hotdog_data_parkhurst(1).xlsx,Fall 2026,181,No
fall-2026-0182,hotdog_data_parkhurst(1).xlsx,Fall 2026,182,No
fall-2026-0183,hotdog_data_parkhurst(1).xlsx,Fall 2026,183,No
fall-2026-0184,hotdog_data_parkhurst(1).xlsx,Fall 2026,184,Yes
fall-2026-0185,hotdog_data_parkhurst(1).xlsx,Fall 2026,185,No
fall-2026-0186,hotdog_data_parkhurst(1).xlsx,Fall 2026,186,No
fall-2026-0187,hotdog_data_parkhurst(1).xlsx,Fall 2026,187,No
fall-2026-0188,hotdog_data_parkhurst(1).xlsx,Fall 2026,188,No
fall-2026-0189,hotdog_data_parkhurst(1).xlsx,Fall 2026,189,Yes
fall-2026-0190,hotdog_data_parkhurst(1).xlsx,Fall 2026,190,No
fall-2026-0191,hotdog_data_parkhurst(1).xlsx,Fall 2026,191,No
fall-2026-0192,hotdog_data_parkhurst(1).xlsx,Fall 2026,192,No
fall-2026-0193,hotdog_data_parkhurst(1).xlsx,Fall 2026,193,No
fall-2026-0194,hotdog_data_parkhurst(1).xlsx,Fall 2026,194,No
fall-2026-0195,hotdog_data_parkhurst(1).xlsx,Fall 2026,195,No
fall-2026-0196,hotdog_data_parkhurst(1).xlsx,Fall 2026,196,Yes
fall-2026-0197,hotdog_data_parkhurst(1).xlsx,Fall 2026,197,Yes
fall-2026-0198,hotdog_data_parkhurst(1).xlsx,Fall 2026,198,No
fall-2026-0199,hotdog_data_parkhurst(1).xlsx,Fall 2026,199,No
fall-2026-0200,hotdog_data_parkhurst(1).xlsx,Fall 2026,200,No
fall-2026-0201,hotdog_data_parkhurst(1).xlsx,Fall 2026,201,No
fall-2026-0202,hotdog_data_parkhurst(1).xlsx,Fall 2026,202,Yes
fall-2026-0203,hotdog_data_parkhurst(1).xlsx,Fall 2026,203,No
fall-2026-0204,hotdog_data_parkhurst(1).xlsx,Fall 2026,204,Yes
fall-2026-0205,hotdog_data_parkhurst(1).xlsx,Fall 2026,205,No
fall-2026-0206,hotdog_data_parkhurst(1).xlsx,Fall 2026,206,No
fall-2026-0207,hotdog_data_parkhurst(1).xlsx,Fall 2026,207,No
fall-2026-0208,hotdog_data_parkhurst(1).xlsx,Fall 2026,208,No
fall-2026-0209,hotdog_data_parkhurst(1).xlsx,Fall 2026,209,Yes
fall-2026-0210,hotdog_data_parkhurst(1).xlsx,Fall 2026,210,Yes
fall-2026-0211,hotdog_data_parkhurst(1).xlsx,Fall 2026,211,Yes
fall-2026-0212,hotdog_data_parkhurst(1).xlsx,Fall 2026,212,No
fall-2026-0213,hotdog_data_parkhurst(1).xlsx,Fall 2026,213,No
fall-2026-0214,hotdog_data_parkhurst(1).xlsx,Fall 2026,214,No
fall-2026-0215,hotdog_data_parkhurst(1).xlsx,Fall 2026,215,No
fall-2026-0216,hotdog_data_parkhurst(1).xlsx,Fall 2026,216,Yes
fall-2026-0217,hotdog_data_parkhurst(1).xlsx,Fall 2026,217,No
fall-2026-0218,hotdog_data_parkhurst(1).xlsx,Fall 2026,218,Yes
fall-2026-0219,hotdog_data_parkhurst(1).xlsx,Fall 2026,219,No
fall-2026-0220,hotdog_data_parkhurst(1).xlsx,Fall 2026,220,No
fall-2026-0221,hotdog_data_parkhurst(1).xlsx,Fall 2026,221,No
fall-2026-0222,hotdog_data_parkhurst(1).xlsx,Fall 2026,222,No
fall-2026-0223,hotdog_data_parkhurst(1).xlsx,Fall 2026,223,No
fall-2026-0224,hotdog_data_parkhurst(1).xlsx,Fall 2026,224,Yes
fall-2026-0225,hotdog_data_parkhurst(1).xlsx,Fall 2026,225,No
fall-2026-0226,hotdog_data_parkhurst(1).xlsx,Fall 2026,226,Yes
fall-2026-0227,hotdog_data_parkhurst(1).xlsx,Fall 2026,227,No
fall-2026-0228,hotdog_data_parkhurst(1).xlsx,Fall 2026,228,No
fall-2026-0229,hotdog_data_parkhurst(1).xlsx,Fall 2026,229,No
fall-2026-0230,hotdog_data_parkhurst(1).xlsx,Fall 2026,230,No
fall-2026-0231,hotdog_data_parkhurst(1).xlsx,Fall 2026,231,Yes
fall-2026-0232,hotdog_data_parkhurst(1).xlsx,Fall 2026,232,No
fall-2026-0233,hotdog_data_parkhurst(1).xlsx,Fall 2026,233,Yes
fall-2026-0234,hotdog_data_parkhurst(1).xlsx,Fall 2026,234,No
fall-2026-0235,hotdog_data_parkhurst(1).xlsx,Fall 2026,235,No
fall-2026-0236,hotdog_data_parkhurst(1).xlsx,Fall 2026,236,No
fall-2026-0237,hotdog_data_parkhurst(1).xlsx,Fall 2026,237,No
fall-2026-0238,hotdog_data_parkhurst(1).xlsx,Fall 2026,238,No
fall-2026-0239,hotdog_data_parkhurst(1).xlsx,Fall 2026,239,No
fall-2026-0240,hotdog_data_parkhurst(1).xlsx,Fall 2026,240,Yes
fall-2026-0241,hotdog_data_parkhurst(1).xlsx,Fall 2026,241,No
fall-2026-0242,hotdog_data_parkhurst(1).xlsx,Fall 2026,242,No
fall-2026-0243,hotdog_data_parkhurst(1).xlsx,Fall 2026,243,Yes
fall-2026-0244,hotdog_data_parkhurst(1).xlsx,Fall 2026,244,No
fall-2026-0245,hotdog_data_parkhurst(1).xlsx,Fall 2026,245,No
fall-2026-0246,hotdog_data_parkhurst(1).xlsx,Fall 2026,246,No
fall-2026-0247,hotdog_data_parkhurst(1).xlsx,Fall 2026,247,Yes
fall-2026-0248,hotdog_data_parkhurst(1).xlsx,Fall 2026,248,Yes
fall-2026-0249,hotdog_data_parkhurst(1).xlsx,Fall 2026,249,No
fall-2026-0250,hotdog_data_parkhurst(1).xlsx,Fall 2026,250,No
fall-2026-0251,hotdog_data_parkhurst(1).xlsx,Fall 2026,251,No
fall-2026-0252,hotdog_data_parkhurst(1).xlsx,Fall 2026,252,No
fall-2026-0253,hotdog_data_parkhurst(1).xlsx,Fall 2026,253,No
fall-2026-0254,hotdog_data_parkhurst(1).xlsx,Fall 2026,254,No
fall-2026-0255,hotdog_data_parkhurst(1).xlsx,Fall 2026,255,Yes
fall-2026-0256,hotdog_data_parkhurst(1).xlsx,Fall 2026,256,No
fall-2026-0257,hotdog_data_parkhurst(1).xlsx,Fall 2026,257,No
fall-2026-0258,hotdog_data_parkhurst(1).xlsx,Fall 2026,258,No
fall-2026-0259,hotdog_data_parkhurst(1).xlsx,Fall 2026,259,Yes
fall-2026-0260,hotdog_data_parkhurst(1).xlsx,Fall 2026,260,No
fall-2026-0261,hotdog_data_parkhurst(1).xlsx,Fall 2026,261,Yes
fall-2026-0262,hotdog_data_parkhurst(1).xlsx,Fall 2026,262,No
fall-2026-0263,hotdog_data_parkhurst(1).xlsx,Fall 2026,263,No
fall-2026-0264,hotdog_data_parkhurst(1).xlsx,Fall 2026,264,No
fall-2026-0265,hotdog_data_parkhurst(1).xlsx,Fall 2026,265,Yes
fall-2026-0266,hotdog_data_parkhurst(1).xlsx,Fall 2026,266,Yes
fall-2026-0267,hotdog_data_parkhurst(1).xlsx,Fall 2026,267,No
fall-2026-0268,hotdog_data_parkhurst(1).xlsx,Fall 2026,268,No
fall-2026-0269,hotdog_data_parkhurst(1).xlsx,Fall 2026,269,No
fall-2026-0270,hotdog_data_parkhurst(1).xlsx,Fall 2026,270,No
fall-2026-0271,hotdog_data_parkhurst(1).xlsx,Fall 2026,271,Yes
fall-2026-0272,hotdog_data_parkhurst(1).xlsx,Fall 2026,272,No
fall-2026-0273,hotdog_data_parkhurst(1).xlsx,Fall 2026,273,No
fall-2026-0274,hotdog_data_parkhurst(1).xlsx,Fall 2026,274,No
fall-2026-0275,hotdog_data_parkhurst(1).xlsx,Fall 2026,275,No
fall-2026-0276,hotdog_data_parkhurst(1).xlsx,Fall 2026,276,Yes
fall-2026-0277,hotdog_data_parkhurst(1).xlsx,Fall 2026,277,No
fall-2026-0278,hotdog_data_parkhurst(1).xlsx,Fall 2026,278,Yes
fall-2026-0279,hotdog_data_parkhurst(1).xlsx,Fall 2026,279,No
fall-2026-0280,hotdog_data_parkhurst(1).xlsx,Fall 2026,280,No
fall-2026-0281,hotdog_data_parkhurst(1).xlsx,Fall 2026,281,No
fall-2026-0282,hotdog_data_parkhurst(1).xlsx,Fall 2026,282,No
fall-2026-0283,hotdog_data_parkhurst(1).xlsx,Fall 2026,283,No
fall-2026-0284,hotdog_data_parkhurst(1).xlsx,Fall 2026,284,No
fall-2026-0285,hotdog_data_parkhurst(1).xlsx,Fall 2026,285,No
fall-2026-0286,hotdog_data_parkhurst(1).xlsx,Fall 2026,286,No
fall-2026-0287,hotdog_data_parkhurst(1).xlsx,Fall 2026,287,No
fall-2026-0288,hotdog_data_parkhurst(1).xlsx,Fall 2026,288,No
fall-2026-0289,hotdog_data_parkhurst(1).xlsx,Fall 2026,289,No
fall-2026-0290,hotdog_data_parkhurst(1).xlsx,Fall 2026,290,Yes
fall-2026-0291,hotdog_data_parkhurst(1).xlsx,Fall 2026,291,No
fall-2026-0292,hotdog_data_parkhurst(1).xlsx,Fall 2026,292,Yes
fall-2026-0293,hotdog_data_parkhurst(1).xlsx,Fall 2026,293,No
fall-2026-0294,hotdog_data_parkhurst(1).xlsx,Fall 2026,294,Yes
fall-2026-0295,hotdog_data_parkhurst(1).xlsx,Fall 2026,295,No
fall-2026-0296,hotdog_data_parkhurst(1).xlsx,Fall 2026,296,No
fall-2026-0297,hotdog_data_parkhurst(1).xlsx,Fall 2026,297,Yes
fall-2026-0298,hotdog_data_parkhurst(1).xlsx,Fall 2026,298,No
fall-2026-0299,hotdog_data_parkhurst(1).xlsx,Fall 2026,299,No
fall-2026-0300,hotdog_data_parkhurst(1).xlsx,Fall 2026,300,No
fall-2026-0301,hotdog_data_parkhurst(1).xlsx,Fall 2026,301,Yes
fall-2026-0302,hotdog_data_parkhurst(1).xlsx,Fall 2026,302,No
fall-2026-0303,hotdog_data_parkhurst(1).xlsx,Fall 2026,303,No
fall-2026-0304,hotdog_data_parkhurst(1).xlsx,Fall 2026,304,No
fall-2026-0305,hotdog_data_parkhurst(1).xlsx,Fall 2026,305,No
fall-2026-0306,hotdog_data_parkhurst(1).xlsx,Fall 2026,306,Yes
fall-2026-0307,hotdog_data_parkhurst(1).xlsx,Fall 2026,307,No
fall-2026-0308,hotdog_data_parkhurst(1).xlsx,Fall 2026,308,No
fall-2026-0309,hotdog_data_parkhurst(1).xlsx,Fall 2026,309,No
fall-2026-0310,hotdog_data_parkhurst(1).xlsx,Fall 2026,310,Yes
fall-2026-0311,hotdog_data_parkhurst(1).xlsx,Fall 2026,311,No
fall-2026-0312,hotdog_data_parkhurst(1).xlsx,Fall 2026,312,No
fall-2026-0313,hotdog_data_parkhurst(1).xlsx,Fall 2026,313,No
fall-2026-0314,hotdog_data_parkhurst(1).xlsx,Fall 2026,314,No
fall-2026-0315,hotdog_data_parkhurst(1).xlsx,Fall 2026,315,No
fall-2026-0316,hotdog_data_parkhurst(1).xlsx,Fall 2026,316,No
fall-2026-0317,hotdog_data_parkhurst(1).xlsx,Fall 2026,317,No
fall-2026-0318,hotdog_data_parkhurst(1).xlsx,Fall 2026,318,No
fall-2026-0319,hotdog_data_parkhurst(1).xlsx,Fall 2026,319,Yes
fall-2026-0320,hotdog_data_parkhurst(1).xlsx,Fall 2026,320,No
fall-2026-0321,hotdog_data_parkhurst(1).xlsx,Fall 2026,321,No
fall-2026-0322,hotdog_data_parkhurst(1).xlsx,Fall 2026,322,Yes
fall-2026-0323,hotdog_data_parkhurst(1).xlsx,Fall 2026,323,No
fall-2026-0324,hotdog_data_parkhurst(1).xlsx,Fall 2026,324,No
fall-2026-0325,hotdog_data_parkhurst(1).xlsx,Fall 2026,325,Yes
fall-2026-0326,hotdog_data_parkhurst(1).xlsx,Fall 2026,326,No
fall-2026-0327,hotdog_data_parkhurst(1).xlsx,Fall 2026,327,Yes
fall-2026-0328,hotdog_data_parkhurst(1).xlsx,Fall 2026,328,No
fall-2026-0329,hotdog_data_parkhurst(1).xlsx,Fall 2026,329,No
fall-2026-0330,hotdog_data_parkhurst(1).xlsx,Fall 2026,330,No
fall-2026-0331,hotdog_data_parkhurst(1).xlsx,Fall 2026,331,No
fall-2026-0332,hotdog_data_parkhurst(1).xlsx,Fall 2026,332,Yes
fall-2026-0333,hotdog_data_parkhurst(1).xlsx,Fall 2026,333,Yes
fall-2026-0334,hotdog_data_parkhurst(1).xlsx,Fall 2026,334,No
fall-2026-0335,hotdog_data_parkhurst(1).xlsx,Fall 2026,335,Yes
fall-2026-0336,hotdog_data_parkhurst(1).xlsx,Fall 2026,336,No
fall-2026-0337,hotdog_data_parkhurst(1).xlsx,Fall 2026,337,Yes
fall-2026-0338,hotdog_data_parkhurst(1).xlsx,Fall 2026,338,No
fall-2026-0339,hotdog_data_parkhurst(1).xlsx,Fall 2026,339,No
fall-2026-0340,hotdog_data_parkhurst(1).xlsx,Fall 2026,340,No
fall-2026-0341,hotdog_data_parkhurst(1).xlsx,Fall 2026,341,No
fall-2026-0342,hotdog_data_parkhurst(1).xlsx,Fall 2026,342,Yes
fall-2026-0343,hotdog_data_parkhurst(1).xlsx,Fall 2026,343,No
fall-2026-0344,hotdog_data_parkhurst(1).xlsx,Fall 2026,344,No
fall-2026-0345,hotdog_data_parkhurst(1).xlsx,Fall 2026,345,Yes
fall-2026-0346,hotdog_data_parkhurst(1).xlsx,Fall 2026,346,Yes
fall-2026-0347,hotdog_data_parkhurst(1).xlsx,Fall 2026,347,No
fall-2026-0348,hotdog_data_parkhurst(1).xlsx,Fall 2026,348,No
fall-2026-0349,hotdog_data_parkhurst(1).xlsx,Fall 2026,349,No
fall-2026-0350,hotdog_data_parkhurst(1).xlsx,Fall 2026,350,No
fall-2026-0351,hotdog_data_parkhurst(1).xlsx,Fall 2026,351,No
fall-2026-0352,hotdog_data_parkhurst(1).xlsx,Fall 2026,352,No
fall-2026-0353,hotdog_data_parkhurst(1).xlsx,Fall 2026,353,No
fall-2026-0354,hotdog_data_parkhurst(1).xlsx,Fall 2026,354,No
fall-2026-0355,hotdog_data_parkhurst(1).xlsx,Fall 2026,355,No
fall-2026-0356,hotdog_data_parkhurst(1).xlsx,Fall 2026,356,No
fall-2026-0357,hotdog_data_parkhurst(1).xlsx,Fall 2026,357,No
fall-2026-0358,hotdog_data_parkhurst(1).xlsx,Fall 2026,358,No
fall-2026-0359,hotdog_data_parkhurst(1).xlsx,Fall 2026,359,No
fall-2026-0360,hotdog_data_parkhurst(1).xlsx,Fall 2026,360,Yes
fall-2026-0361,hotdog_data_parkhurst(1).xlsx,Fall 2026,361,No
fall-2026-0362,hotdog_data_parkhurst(1).xlsx,Fall 2026,362,No
fall-2026-0363,hotdog_data_parkhurst(1).xlsx,Fall 2026,363,No
fall-2026-0364,hotdog_data_parkhurst(1).xlsx,Fall 2026,364,No
fall-2026-0365,hotdog_data_parkhurst(1).xlsx,Fall 2026,365,Yes
fall-2026-0366,hotdog_data_parkhurst(1).xlsx,Fall 2026,366,No
fall-2026-0367,hotdog_data_parkhurst(1).xlsx,Fall 2026,367,Yes
fall-2026-0368,hotdog_data_parkhurst(1).xlsx,Fall 2026,368,No
fall-2026-0369,hotdog_data_parkhurst(1).xlsx,Fall 2026,369,No
fall-2026-0370,hotdog_data_parkhurst(1).xlsx,Fall 2026,370,No
fall-2026-0371,hotdog_data_parkhurst(1).xlsx,Fall 2026,371,Yes
fall-2026-0372,hotdog_data_parkhurst(1).xlsx,Fall 2026,372,No
fall-2026-0373,hotdog_data_parkhurst(1).xlsx,Fall 2026,373,No
fall-2026-0374,hotdog_data_parkhurst(1).xlsx,Fall 2026,374,No
fall-2026-0375,hotdog_data_parkhurst(1).xlsx,Fall 2026,375,No
fall-2026-0376,hotdog_data_parkhurst(1).xlsx,Fall 2026,376,No
fall-2026-0377,hotdog_data_parkhurst(1).xlsx,Fall 2026,377,No
fall-2026-0378,hotdog_data_parkhurst(1).xlsx,Fall 2026,378,No
fall-2026-0379,hotdog_data_parkhurst(1).xlsx,Fall 2026,379,No
fall-2026-0380,hotdog_data_parkhurst(1).xlsx,Fall 2026,380,No
fall-2026-0381,hotdog_data_parkhurst(1).xlsx,Fall 2026,381,No
fall-2026-0382,hotdog_data_parkhurst(1).xlsx,Fall 2026,382,Yes
fall-2026-0383,hotdog_data_parkhurst(1).xlsx,Fall 2026,383,Yes
fall-2026-0384,hotdog_data_parkhurst(1).xlsx,Fall 2026,384,No
fall-2026-0385,hotdog_data_parkhurst(1).xlsx,Fall 2026,385,Yes
fall-2026-0386,hotdog_data_parkhurst(1).xlsx,Fall 2026,386,No
fall-2026-0387,hotdog_data_parkhurst(1).xlsx,Fall 2026,387,No
fall-2026-0388,hotdog_data_parkhurst(1).xlsx,Fall 2026,388,Yes
fall-2026-0389,hotdog_data_parkhurst(1).xlsx,Fall 2026,389,No
fall-2026-0390,hotdog_data_parkhurst(1).xlsx,Fall 2026,390,Yes
fall-2026-0391,hotdog_data_parkhurst(1).xlsx,Fall 2026,391,Yes
fall-2026-0392,hotdog_data_parkhurst(1).xlsx,Fall 2026,392,Yes
fall-2026-0393,hotdog_data_parkhurst(1).xlsx,Fall 2026,393,No
fall-2026-0394,hotdog_data_parkhurst(1).xlsx,Fall 2026,394,No
fall-2026-0395,hotdog_data_parkhurst(1).xlsx,Fall 2026,395,No
fall-2026-0396,hotdog_data_parkhurst(1).xlsx,Fall 2026,396,Yes
fall-2026-0397,hotdog_data_parkhurst(1).xlsx,Fall 2026,397,No
fall-2026-0398,hotdog_data_parkhurst(1).xlsx,Fall 2026,398,No
fall-2026-0399,hotdog_data_parkhurst(1).xlsx,Fall 2026,399,No
fall-2026-0400,hotdog_data_parkhurst(1).xlsx,Fall 2026,400,No
fall-2026-0401,hotdog_data_parkhurst(1).xlsx,Fall 2026,401,No
fall-2026-0402,hotdog_data_parkhurst(1).xlsx,Fall 2026,402,No
fall-2026-0403,hotdog_data_parkhurst(1).xlsx,Fall 2026,403,No
fall-2026-0404,hotdog_data_parkhurst(1).xlsx,Fall 2026,404,Yes
fall-2026-0405,hotdog_data_parkhurst(1).xlsx,Fall 2026,405,Yes
fall-2026-0406,hotdog_data_parkhurst(1).xlsx,Fall 2026,406,No
fall-2026-0407,hotdog_data_parkhurst(1).xlsx,Fall 2026,407,Yes
fall-2026-0408,hotdog_data_parkhurst(1).xlsx,Fall 2026,408,No
fall-2026-0409,hotdog_data_parkhurst(1).xlsx,Fall 2026,409,No
fall-2026-0410,hotdog_data_parkhurst(1).xlsx,Fall 2026,410,No
fall-2026-0411,hotdog_data_parkhurst(1).xlsx,Fall 2026,411,No
fall-2026-0412,hotdog_data_parkhurst(1).xlsx,Fall 2026,412,Yes
fall-2026-0413,hotdog_data_parkhurst(1).xlsx,Fall 2026,413,Yes
fall-2026-0414,hotdog_data_parkhurst(1).xlsx,Fall 2026,414,No
fall-2026-0415,hotdog_data_parkhurst(1).xlsx,Fall 2026,415,Yes
fall-2026-0416,hotdog_data_parkhurst(1).xlsx,Fall 2026,416,No
fall-2026-0417,hotdog_data_parkhurst(1).xlsx,Fall 2026,417,No
fall-2026-0418,hotdog_data_parkhurst(1).xlsx,Fall 2026,418,No
fall-2026-0419,hotdog_data_parkhurst(1).xlsx,Fall 2026,419,No
fall-2026-0420,hotdog_data_parkhurst(1).xlsx,Fall 2026,420,Yes
fall-2026-0421,hotdog_data_parkhurst(1).xlsx,Fall 2026,421,No
fall-2026-0422,hotdog_data_parkhurst(1).xlsx,Fall 2026,422,Yes
fall-2026-0423,hotdog_data_parkhurst(1).xlsx,Fall 2026,423,Yes
fall-2026-0424,hotdog_data_parkhurst(1).xlsx,Fall 2026,424,No
fall-2026-0425,hotdog_data_parkhurst(1).xlsx,Fall 2026,425,No
fall-2026-0426,hotdog_data_parkhurst(1).xlsx,Fall 2026,426,No
fall-2026-0427,hotdog_data_parkhurst(1).xlsx,Fall 2026,427,No
fall-2026-0428,hotdog_data_parkhurst(1).xlsx,Fall 2026,428,No
fall-2026-0429,hotdog_data_parkhurst(1).xlsx,Fall 2026,429,No
fall-2026-0430,hotdog_data_parkhurst(1).xlsx,Fall 2026,430,Yes
fall-2026-0431,hotdog_data_parkhurst(1).xlsx,Fall 2026,431,No
fall-2026-0432,hotdog_data_parkhurst(1).xlsx,Fall 2026,432,Yes
fall-2026-0433,hotdog_data_parkhurst(1).xlsx,Fall 2026,433,No
fall-2026-0434,hotdog_data_parkhurst(1).xlsx,Fall 2026,434,No
fall-2026-0435,hotdog_data_parkhurst(1).xlsx,Fall 2026,435,No
fall-2026-0436,hotdog_data_parkhurst(1).xlsx,Fall 2026,436,No
fall-2026-0437,hotdog_data_parkhurst(1).xlsx,Fall 2026,437,Yes
fall-2026-0438,hotdog_data_parkhurst(1).xlsx,Fall 2026,438,Yes
fall-2026-0439,hotdog_data_parkhurst(1).xlsx,Fall 2026,439,No
fall-2026-0440,hotdog_data_parkhurst(1).xlsx,Fall 2026,440,No
fall-2026-0441,hotdog_data_parkhurst(1).xlsx,Fall 2026,441,No
fall-2026-0442,hotdog_data_parkhurst(1).xlsx,Fall 2026,442,Yes
fall-2026-0443,hotdog_data_parkhurst(1).xlsx,Fall 2026,443,No
fall-2026-0444,hotdog_data_parkhurst(1).xlsx,Fall 2026,444,No
fall-2026-0445,hotdog_data_parkhurst(1).xlsx,Fall 2026,445,No
fall-2026-0446,hotdog_data_parkhurst(1).xlsx,Fall 2026,446,Yes
fall-2026-0447,hotdog_data_parkhurst(1).xlsx,Fall 2026,447,Yes
fall-2026-0448,hotdog_data_parkhurst(1).xlsx,Fall 2026,448,No
fall-2026-0449,hotdog_data_parkhurst(1).xlsx,Fall 2026,449,No
fall-2026-0450,hotdog_data_parkhurst(1).xlsx,Fall 2026,450,Yes
fall-2026-0451,hotdog_data_parkhurst(1).xlsx,Fall 2026,451,Yes
fall-2026-0452,hotdog_data_parkhurst(1).xlsx,Fall 2026,452,No
fall-2026-0453,hotdog_data_parkhurst(1).xlsx,Fall 2026,453,No
fall-2026-0454,hotdog_data_parkhurst(1).xlsx,Fall 2026,454,No
fall-2026-0455,hotdog_data_parkhurst(1).xlsx,Fall 2026,455,Yes
fall-2026-0456,hotdog_data_parkhurst(1).xlsx,Fall 2026,456,No
fall-2026-0457,hotdog_data_parkhurst(1).xlsx,Fall 2026,457,No
fall-2026-0458,hotdog_data_parkhurst(1).xlsx,Fall 2026,458,Yes
fall-2026-0459,hotdog_data_parkhurst(1).xlsx,Fall 2026,459,No
fall-2026-0460,hotdog_data_parkhurst(1).xlsx,Fall 2026,460,Yes
fall-2026-0461,hotdog_data_parkhurst(1).xlsx,Fall 2026,461,No
fall-2026-0462,hotdog_data_parkhurst(1).xlsx,Fall 2026,462,No
fall-2026-0463,hotdog_data_parkhurst(1).xlsx,Fall 2026,463,No
fall-2026-0464,hotdog_data_parkhurst(1).xlsx,Fall 2026,464,No
fall-2026-0465,hotdog_data_parkhurst(1).xlsx,Fall 2026,465,Yes
fall-2026-0466,hotdog_data_parkhurst(1).xlsx,Fall 2026,466,No
fall-2026-0467,hotdog_data_parkhurst(1).xlsx,Fall 2026,467,No
fall-2026-0468,hotdog_data_parkhurst(1).xlsx,Fall 2026,468,No
fall-2026-0469,hotdog_data_parkhurst(1).xlsx,Fall 2026,469,No
fall-2026-0470,hotdog_data_parkhurst(1).xlsx,Fall 2026,470,Yes
fall-2026-0471,hotdog_data_parkhurst(1).xlsx,Fall 2026,471,No
fall-2026-0472,hotdog_data_parkhurst(1).xlsx,Fall 2026,472,No
fall-2026-0473,hotdog_data_parkhurst(1).xlsx,Fall 2026,473,Yes
fall-2026-0474,hotdog_data_parkhurst(1).xlsx,Fall 2026,474,No
fall-2026-0475,hotdog_data_parkhurst(1).xlsx,Fall 2026,475,No
fall-2026-0476,hotdog_data_parkhurst(1).xlsx,Fall 2026,476,No
fall-2026-0477,hotdog_data_parkhurst(1).xlsx,Fall 2026,477,Yes
fall-2026-0478,hotdog_data_parkhurst(1).xlsx,Fall 2026,478,No
fall-2026-0479,hotdog_data_parkhurst(1).xlsx,Fall 2026,479,Yes
fall-2026-0480,hotdog_data_parkhurst(1).xlsx,Fall 2026,480,No
fall-2026-0481,hotdog_data_parkhurst(1).xlsx,Fall 2026,481,No
fall-2026-0482,hotdog_data_parkhurst(1).xlsx,Fall 2026,482,Yes
fall-2026-0483,hotdog_data_parkhurst(1).xlsx,Fall 2026,483,No
fall-2026-0484,hotdog_data_parkhurst(1).xlsx,Fall 2026,484,No
fall-2026-0485,hotdog_data_parkhurst(1).xlsx,Fall 2026,485,No
fall-2026-0486,hotdog_data_parkhurst(1).xlsx,Fall 2026,486,Yes
fall-2026-0487,hotdog_data_parkhurst(1).xlsx,Fall 2026,487,Yes
fall-2026-0488,hotdog_data_parkhurst(1).xlsx,Fall 2026,488,Yes
fall-2026-0489,hotdog_data_parkhurst(1).xlsx,Fall 2026,489,No
fall-2026-0490,hotdog_data_parkhurst(1).xlsx,Fall 2026,490,Yes
fall-2026-0491,hotdog_data_parkhurst(1).xlsx,Fall 2026,491,Yes
fall-2026-0492,hotdog_data_parkhurst(1).xlsx,Fall 2026,492,No
fall-2026-0493,hotdog_data_parkhurst(1).xlsx,Fall 2026,493,Yes
fall-2026-0494,hotdog_data_parkhurst(1).xlsx,Fall 2026,494,No
fall-2026-0495,hotdog_data_parkhurst(1).xlsx,Fall 2026,495,No
fall-2026-0496,hotdog_data_parkhurst(1).xlsx,Fall 2026,496,Yes
fall-2026-0497,hotdog_data_parkhurst(1).xlsx,Fall 2026,497,No
fall-2026-0498,hotdog_data_parkhurst(1).xlsx,Fall 2026,498,Yes
fall-2026-0499,hotdog_data_parkhurst(1).xlsx,Fall 2026,499,No
fall-2026-0500,hotdog_data_parkhurst(1).xlsx,Fall 2026,500,No
fall-2026-0501,hotdog_data_parkhurst(1).xlsx,Fall 2026,501,No
fall-2026-0502,hotdog_data_parkhurst(1).xlsx,Fall 2026,502,No
fall-2026-0503,hotdog_data_parkhurst(1).xlsx,Fall 2026,503,No
fall-2026-0504,hotdog_data_parkhurst(1).xlsx,Fall 2026,504,No
fall-2026-0505,hotdog_data_parkhurst(1).xlsx,Fall 2026,505,Yes
fall-2026-0506,hotdog_data_parkhurst(1).xlsx,Fall 2026,506,Yes
fall-2026-0507,hotdog_data_parkhurst(1).xlsx,Fall 2026,507,No
fall-2026-0508,hotdog_data_parkhurst(1).xlsx,Fall 2026,508,No
fall-2026-0509,hotdog_data_parkhurst(1).xlsx,Fall 2026,509,Yes
fall-2026-0510,hotdog_data_parkhurst(1).xlsx,Fall 2026,510,No
fall-2026-0511,hotdog_data_parkhurst(1).xlsx,Fall 2026,511,No
fall-2026-0512,hotdog_data_parkhurst(1).xlsx,Fall 2026,512,Yes
fall-2026-0513,hotdog_data_parkhurst(1).xlsx,Fall 2026,513,No
fall-2026-0514,hotdog_data_parkhurst(1).xlsx,Fall 2026,514,No
fall-2026-0515,hotdog_data_parkhurst(1).xlsx,Fall 2026,515,No
fall-2026-0516,hotdog_data_parkhurst(1).xlsx,Fall 2026,516,No
fall-2026-0517,hotdog_data_parkhurst(1).xlsx,Fall 2026,517,No
fall-2026-0518,hotdog_data_parkhurst(1).xlsx,Fall 2026,518,No
fall-2026-0519,hotdog_data_parkhurst(1).xlsx,Fall 2026,519,Yes
